Rk,Player,Nation,Pos,Squad,Age,Born,90s,Touches,Def Pen,Def 3rd,Mid 3rd,Att 3rd,Att Pen,Live,Succ,Att,Succ%,#Pl,Megs,Carries,TotDist,PrgDist,Prog,carriesin_3rd,CPA,Mis,Dis,Targ,Rec,Rec%,Prog,Matches
1,Max Aarons\774cf58b,eng ENG,DF,Norwich City,22-035,2000,20.9,1209,95,449,515,333,18,998,25,55,45.5,26,4,722,4281,2612,118,38,8,16,20,767,692,90.2,29,Matches
2,Che Adams\f2bf1b0f,sct SCO,FW,Southampton,25-210,1996,11.4,388,20,63,166,176,48,380,5,13,38.5,7,0,235,908,392,17,6,4,29,26,504,254,50.4,71,Matches
3,Rayan Aït Nouri\9b398aea,fr FRA,DF,Wolves,20-247,2001,10,669,34,243,248,203,22,564,22,38,57.9,26,2,403,1876,1195,64,10,7,14,18,425,374,88,26,Matches
4,Kristoffer Ajer\a8c0acb7,no NOR,DF,Brentford,23-297,1998,9.3,473,52,219,211,73,14,411,7,9,77.8,7,0,233,1478,859,26,9,0,9,4,234,206,88,9,Matches
5,Nathan Aké\eaeca114,nl NED,DF,Manchester City,26-355,1995,6.5,549,40,192,321,80,3,530,0,2,0,0,0,402,2084,1406,47,9,0,2,1,446,426,95.5,1,Matches
6,Marc Albrighton\b827d5b3,eng ENG,DFFW,Leicester City,32-082,1989,6.1,277,19,69,126,92,5,238,12,22,54.5,13,1,162,587,227,11,4,2,6,8,207,147,71,13,Matches
7,Thiago Alcántara\77e84962,es ESP,MF,Liverpool,30-303,1991,7.5,718,19,137,465,169,20,710,2,6,33.3,2,0,527,2316,1204,65,23,4,5,5,561,533,95,18,Matches
8,Trent Alexander-Arnold\cd1acf9d,eng ENG,DF,Liverpool,23-124,1998,19.7,1904,51,379,889,720,59,1556,16,26,61.5,16,0,1077,4033,2224,105,40,10,9,16,1266,1182,93.4,75,Matches
9,Alisson\7a2e46a8,br BRA,GK,Liverpool,29-129,1992,20,789,606,783,7,0,0,664,1,2,50,1,0,455,1613,874,0,0,0,0,0,446,441,98.9,0,Matches
10,Allan\cc700722,br BRA,MF,Everton,31-031,1991,16.1,778,50,231,449,142,9,736,13,17,76.5,13,1,470,2369,1277,65,19,2,10,20,434,399,91.9,11,Matches
11,Dele Alli\cea4ee8f,eng ENG,MFFW,Tottenham,25-303,1996,7.3,331,23,87,172,97,20,321,5,18,27.8,7,2,213,908,446,17,6,0,12,18,262,199,76,31,Matches
12,Miguel Almirón\862a1c15,py PAR,MF,Newcastle Utd,27-363,1994,10.9,415,12,92,169,185,32,411,8,19,42.1,12,1,290,1921,926,47,11,4,15,23,351,248,70.7,32,Matches
13,Marcos Alonso\f4290206,es ESP,DF,Chelsea,31-042,1990,15.9,1125,59,323,390,454,42,934,11,26,42.3,12,1,625,2904,1631,81,15,8,18,21,725,627,86.5,61,Matches
14,Steven Alzate\ad1f61f3,co COL,MF,Brighton,23-153,1998,2.8,169,8,48,98,35,2,169,1,2,50,1,1,115,484,264,13,8,0,3,3,113,105,92.9,3,Matches
15,Daniel Amartey\1a4ef233,gh GHA,DF,Leicester City,27-049,1994,9.7,645,110,367,296,15,0,635,3,5,60,3,0,439,1888,1157,25,4,0,3,1,468,459,98.1,0,Matches
16,Joachim Andersen\e34fc66d,dk DEN,DF,Crystal Palace,25-253,1996,16.4,1239,273,782,501,34,12,1203,2,4,50,2,0,766,4286,2117,32,2,0,1,4,886,877,99,1,Matches
17,Michail Antonio\ac05f970,jm JAM,FW,West Ham,31-317,1990,21.4,790,12,52,301,488,120,770,24,54,44.4,26,4,594,2917,1693,91,26,21,83,65,1147,608,53,172,Matches
18,Cameron Archer\05e8ca6d,eng ENG,MFFW,Aston Villa,20-202,2001,0.3,12,0,1,2,9,3,12,1,2,50,1,0,7,15,0,0,0,0,0,1,9,6,66.7,2,Matches
19,Alphonse Areola\2f965a72,fr FRA,GK,West Ham,28-346,1993,1,42,40,42,0,0,0,25,0,0,,0,0,17,49,13,0,0,0,0,0,20,20,100,0,Matches
20,Adam Armstrong\68c720b5,eng ENG,FW,Southampton,24-363,1997,13.3,402,6,37,161,239,68,376,14,29,48.3,15,1,281,1663,928,56,17,15,25,21,534,282,52.8,90,Matches
21,Stuart Armstrong\97333cf5,sct SCO,MF,Southampton,29-315,1992,3.8,167,13,35,82,67,11,166,3,7,42.9,4,0,125,929,486,21,8,2,3,5,140,116,82.9,15,Matches
22,Kepa Arrizabalaga\28d596a0,es ESP,GK,Chelsea,27-128,1994,4,149,130,149,0,0,0,120,0,0,,0,0,85,253,117,0,0,0,0,0,81,81,100,0,Matches
23,Harrison Ashby\b391383a,sct SCO,DF,West Ham,20-086,2001,0.1,9,1,3,1,5,0,8,0,0,,0,0,4,21,5,1,0,0,0,0,8,6,75,0,Matches
24,Pierre-Emerick Aubameyang\d5dd5f1f,ga GAB,FW,Arsenal,32-235,1989,11.5,321,5,34,140,167,55,313,2,6,33.3,3,0,169,1024,600,29,11,9,20,5,443,225,50.8,56,Matches
25,Jordan Ayew\da052c14,gh GHA,FW,Crystal Palace,30-150,1991,14.8,773,10,110,417,327,56,767,28,58,48.3,29,5,604,3700,2126,107,36,18,46,47,714,562,78.7,70,Matches
26,Luke Ayling\420d7c7d,eng ENG,DF,Leeds United,30-167,1991,12,935,122,519,387,103,13,872,12,16,75,12,1,591,3820,2290,53,14,1,11,7,634,611,96.4,7,Matches
27,César Azpilicueta\53cad200,es ESP,DF,Chelsea,32-164,1989,15.4,1274,92,407,581,334,38,1149,9,11,81.8,9,0,744,2965,1628,84,17,5,8,5,910,855,94,39,Matches
28,Daniel Bachmann\1c0eea98,at AUT,GK,Watford,27-214,1994,11,362,309,359,3,0,0,249,1,1,100,1,0,163,889,567,0,0,0,0,0,135,134,99.3,0,Matches
29,Leon Bailey\3a233281,jm JAM,FWMF,Aston Villa,24-183,1997,4.7,208,5,31,74,119,18,194,10,17,58.8,11,1,154,929,473,30,3,6,11,18,181,141,77.9,28,Matches
30,Eric Bailly\a1232f4e,ci CIV,DF,Manchester Utd,27-302,1994,2.4,114,26,74,41,3,0,110,0,2,0,0,0,62,313,142,5,0,0,1,3,54,53,98.1,0,Matches
31,Folarin Balogun\31822f8c,eng ENG,FW,Arsenal,20-220,2001,0.8,23,1,3,10,12,6,23,0,2,0,0,0,16,50,16,1,0,1,4,2,34,17,50,7,Matches
32,Patrick Bamford\93feac6e,eng ENG,FW,Leeds United,28-156,1993,5.1,151,10,22,67,72,31,138,3,7,42.9,4,0,90,343,152,8,2,1,15,6,216,97,44.9,30,Matches
33,Shandon Baptiste\2886c9b5,gd GRN,MF,Brentford,23-306,1998,9.1,344,12,77,185,115,16,343,10,14,71.4,10,0,245,1243,702,38,12,2,19,8,327,217,66.4,31,Matches
34,Ross Barkley\3a24769f,eng ENG,MF,Chelsea,28-065,1993,1.7,131,0,9,50,86,7,124,4,5,80,5,0,94,743,451,18,10,1,1,6,118,108,91.5,20,Matches
35,Ashley Barnes\2691c772,eng ENG,FW,Burnley,32-101,1989,4.2,136,2,13,71,61,22,133,1,3,33.3,1,0,84,274,115,7,3,2,13,7,193,88,45.6,19,Matches
36,Harvey Barnes\3ea50f67,eng ENG,FWMF,Leicester City,24-061,1997,12.3,545,8,60,242,302,68,542,16,45,35.6,20,1,429,2691,1814,94,31,22,35,31,588,434,73.8,89,Matches
37,Lewis Bate\cd4256d3,eng ENG,MF,Leeds United,19-102,2002,0.5,29,1,7,19,7,0,29,1,2,50,1,1,22,104,28,0,1,0,4,2,27,19,70.4,1,Matches
38,Mads Bech Sørensen\30db8574,dk DEN,DF,Brentford,23-032,1999,4.2,267,44,146,107,30,2,223,0,0,,0,0,143,905,620,13,3,0,0,0,158,151,95.6,2,Matches
39,Jan Bednarek\4115ce4e,pl POL,DF,Southampton,25-302,1996,15.7,955,132,476,478,43,15,910,2,2,100,2,0,500,2171,1128,15,0,0,1,1,546,532,97.4,4,Matches
40,Donny van de Beek\50dc94ce,nl NED,MF,Manchester Utd,24-296,1997,0.8,53,2,19,21,15,4,53,3,4,75,3,0,31,59,23,2,0,1,1,4,41,30,73.2,5,Matches
41,Asmir Begović\7b4de647,ba BIH,GK,Everton,34-233,1987,1,25,24,25,0,0,0,12,0,0,,0,0,5,24,16,0,0,0,0,0,8,8,100,0,Matches
42,Saïd Benrahma\5a04fd92,dz ALG,FWMF,West Ham,26-182,1995,16,736,11,94,309,386,64,720,18,45,40,21,4,554,3079,1647,75,21,16,30,26,721,545,75.6,107,Matches
43,Christian Benteke\ab070c55,be BEL,FW,Crystal Palace,31-067,1990,12.1,429,34,58,199,188,83,409,9,18,50,10,1,213,967,447,25,6,8,36,11,611,318,52,99,Matches
44,Jóhann Berg Guðmundsson\f72293fc,is ISL,MF,Burnley,31-104,1990,12.2,492,24,85,197,245,27,488,14,22,63.6,15,0,331,1680,815,37,16,5,17,18,383,302,78.9,57,Matches
45,Steven Bergwijn\a29b1131,nl NED,FW,Tottenham,24-123,1997,4.6,182,4,27,74,106,23,180,7,13,53.8,8,0,138,864,578,25,10,6,7,15,204,137,67.2,38,Matches
46,Ryan Bertrand\01226327,eng ENG,DF,Leicester City,32-187,1989,3.7,228,18,71,113,55,4,182,0,1,0,1,1,122,544,216,11,3,1,4,5,148,128,86.5,2,Matches
47,Mads Bidstrup\407db0d5,dk DEN,MF,Brentford,20-348,2001,0.5,23,2,9,13,2,0,23,0,1,0,0,0,11,37,17,1,1,0,1,2,11,9,81.8,1,Matches
48,Yves Bissouma\6c203af0,ml MLI,MF,Brighton,25-162,1996,13.4,867,56,253,502,188,13,854,24,30,80,24,1,616,3746,1820,66,21,4,17,15,599,562,93.8,9,Matches
49,Jarrod Bowen\79c84d1c,eng ENG,FW,West Ham,25-050,1996,21.6,888,18,123,344,477,110,810,19,48,39.6,20,1,583,3585,1539,83,17,23,43,50,847,554,65.4,128,Matches
50,Jarrad Branthwaite\c1949191,eng ENG,DF,Everton,19-226,2002,1,28,6,21,8,2,2,26,0,0,,0,0,13,85,64,0,0,0,0,2,7,6,85.7,0,Matches
51,Armando Broja\97220da2,al ALB,FW,Southampton,20-151,2001,10.7,331,8,31,153,174,50,329,14,31,45.2,15,1,198,1340,930,38,15,17,24,32,524,238,45.4,54,Matches
52,Josh Brownhill\47369df8,eng ENG,MF,Burnley,26-051,1995,14.4,620,34,133,347,172,17,603,5,8,62.5,6,0,326,1372,599,32,13,2,7,8,400,349,87.3,26,Matches
53,Bryan\7b5ab7f2,es ESP,FWMF,Tottenham,20-362,2001,1,83,2,10,19,59,5,80,2,3,66.7,2,0,66,393,245,13,2,0,5,3,70,60,85.7,13,Matches
54,Emi Buendía\66b76d44,ar ARG,FWMF,Aston Villa,25-045,1996,13.7,720,18,96,355,319,43,680,20,30,66.7,20,0,499,2204,1252,71,32,1,21,42,606,500,82.5,75,Matches
55,Dan Burn\b2d31e83,eng ENG,DF,Brighton,29-275,1992,11.4,774,100,392,364,64,12,756,1,2,50,1,0,465,2348,1203,27,9,0,6,3,519,498,96,2,Matches
56,Jack Butland\cc70a1d5,eng ENG,GK,Crystal Palace,28-335,1993,3,113,103,113,0,0,0,71,0,0,,0,0,44,232,93,0,0,0,0,0,45,45,100,0,Matches
57,Sam Byram\1bf811d4,eng ENG,DFMF,Norwich City,28-145,1993,1.7,108,11,37,50,26,2,98,0,2,0,0,0,53,289,101,5,1,0,3,2,54,51,94.4,4,Matches
58,Willy Caballero\a179d516,ar ARG,GK,Southampton,40-133,1981,2,68,54,68,0,0,0,50,0,0,,0,0,37,223,114,0,0,0,0,0,34,34,100,0,Matches
59,Dominic Calvert-Lewin\59e6e5bf,eng ENG,FW,Everton,24-329,1997,5.8,164,10,20,71,75,27,154,1,4,25,1,1,67,205,71,1,0,0,15,5,243,110,45.3,29,Matches
60,João Cancelo\bd6351cd,pt POR,DF,Manchester City,27-257,1994,21.9,2271,47,372,1267,791,61,2084,30,54,55.6,32,7,1690,7434,3997,226,84,19,14,17,1759,1694,96.3,52,Matches
61,Sergi Canós\1137759d,es ESP,DF,Brentford,25-006,1997,18.3,821,52,223,366,295,45,774,20,39,51.3,22,4,531,3006,1847,98,30,10,16,22,592,478,80.7,45,Matches
62,Todd Cantwell\f63d8a4b,eng ENG,FWMF,Norwich City,23-346,1998,4.9,215,5,50,109,70,7,210,5,11,45.5,5,0,159,608,289,15,4,0,12,12,205,150,73.2,18,Matches
63,Matty Cash\2389cdc2,pl POL,DF,Aston Villa,24-185,1997,20.8,1163,93,379,520,338,57,959,11,21,52.4,11,1,597,3760,2046,90,28,12,12,28,628,552,87.9,62,Matches
64,Timothy Castagne\197640fd,be BEL,DF,Leicester City,26-065,1995,14.1,877,63,340,403,176,13,763,11,14,78.6,11,0,461,1915,992,43,13,1,14,13,568,492,86.6,33,Matches
65,Craig Cathcart\89e4b358,nir NIR,DF,Watford,33-002,1989,17.3,756,146,412,319,51,6,709,0,1,0,0,0,323,1339,616,8,3,0,1,3,379,360,95,2,Matches
66,Edinson Cavani\527f063d,uy URU,FW,Manchester Utd,34-359,1987,6,206,9,34,89,88,25,203,4,4,100,4,0,113,232,55,3,1,2,11,3,261,154,59,28,Matches
67,Trevoh Chalobah\5515376c,eng ENG,DF,Chelsea,22-218,1999,10.1,794,52,304,432,99,7,776,8,10,80,8,0,542,2224,1104,38,13,0,1,5,568,555,97.7,2,Matches
68,Calum Chambers\dc6f5bdd,eng ENG,DF,Arsenal,27-019,1995,1.9,122,17,49,61,17,1,108,0,0,,0,0,71,239,106,4,2,0,1,2,73,71,97.3,0,Matches
69,Ben Chilwell\d2424d1b,eng ENG,DF,Chelsea,25-049,1996,6,422,9,93,144,203,28,348,2,5,40,3,0,240,1082,514,23,4,5,11,3,295,256,86.8,30,Matches
70,Hamza Choudhury\7d2d3329,eng ENG,MFDF,Leicester City,24-130,1997,2.5,157,14,73,88,4,1,154,1,2,50,1,0,92,273,95,1,0,0,2,3,107,98,91.6,0,Matches
71,Andreas Christensen\1cb49278,dk DEN,DF,Chelsea,25-304,1996,11.1,918,115,447,463,52,3,897,4,4,100,4,0,587,2521,1351,41,12,0,0,0,633,620,97.9,1,Matches
72,Carney Chukwuemeka\b2f9c73e,eng ENG,MFFW,Aston Villa,18-032,2004,1.7,78,0,12,40,30,10,78,2,7,28.6,4,0,67,248,116,6,1,4,5,3,83,56,67.5,9,Matches
73,Ciaran Clark\2b91cf8e,ie IRL,DF,Newcastle Utd,32-135,1989,11.3,446,78,258,171,34,21,439,3,4,75,3,0,248,1151,507,13,4,0,4,0,265,251,94.7,4,Matches
74,Tom Cleverley\6cdd8245,eng ENG,MF,Watford,32-180,1989,9.1,426,17,72,187,177,5,366,0,1,0,0,0,203,678,289,9,3,2,6,8,310,236,76.1,20,Matches
75,Nathaniel Clyne\0442183b,eng ENG,DF,Crystal Palace,30-309,1991,1,54,2,27,21,9,0,40,0,0,,0,0,19,79,34,0,1,0,2,0,25,24,96,0,Matches
76,Conor Coady\2928dca2,eng ENG,DF,Wolves,28-348,1993,21,1007,244,658,378,19,12,982,1,1,100,1,0,608,2995,1493,17,1,0,1,1,690,681,98.7,2,Matches
77,Séamus Coleman\0420d84f,ie IRL,DF,Everton,33-120,1988,14.6,881,59,282,418,235,28,713,12,26,46.2,13,0,487,2682,1456,57,21,6,10,18,467,423,90.6,32,Matches
78,Nathan Collins\a8c19eb8,ie IRL,DF,Burnley,20-284,2001,5,226,47,127,94,11,7,223,0,1,0,1,0,91,465,170,3,0,0,2,1,85,78,91.8,0,Matches
79,Aaron Connolly\27c01749,ie IRL,FW,Brighton,22-011,2000,1.7,34,0,0,14,21,4,33,0,1,0,0,0,22,132,42,3,0,0,3,1,65,22,33.8,7,Matches
80,Liam Cooper\dc64b8b3,sct SCO,DF,Leeds United,30-162,1991,14.2,1018,146,673,378,26,9,994,3,3,100,3,0,611,3465,1996,19,2,0,4,2,662,650,98.2,1,Matches
81,Jack Cork\74e12f1e,eng ENG,MF,Burnley,32-228,1989,7.1,253,16,48,149,69,3,251,6,8,75,7,0,138,593,258,12,7,1,6,12,152,123,80.9,6,Matches
82,Maxwel Cornet\beb391dd,ci CIV,FWMF,Burnley,25-134,1996,7.7,253,10,39,92,137,30,242,6,14,42.9,6,0,154,705,356,16,5,3,20,15,352,165,46.9,55,Matches
83,Hélder Costa\f13d02a6,ao ANG,MF,Leeds United,28-027,1994,0.2,6,0,1,3,2,0,6,0,0,,0,0,2,6,0,0,0,0,0,0,8,5,62.5,0,Matches
84,Vladimír Coufal\fdf3cb77,cz CZE,DF,West Ham,29-170,1992,16.9,1136,71,340,466,399,23,937,10,17,58.8,12,0,553,3031,1513,60,26,6,13,10,628,562,89.5,31,Matches
85,Philippe Coutinho\0ef89a37,br BRA,FW,Aston Villa,29-241,1992,1.1,50,0,4,23,27,7,47,0,3,0,0,0,33,178,129,4,3,1,1,5,60,37,61.7,7,Matches
86,Aaron Cresswell\4f974391,eng ENG,DF,West Ham,32-055,1989,15.7,1194,62,323,582,358,15,988,2,10,20,2,2,697,3164,1523,56,29,1,3,6,764,732,95.8,13,Matches
87,Charlie Cresswell\4654e5f5,eng ENG,DF,Leeds United,19-063,2002,1.1,84,15,61,29,2,0,84,1,1,100,1,0,57,481,309,2,0,0,1,0,60,60,100,1,Matches
88,Cucho\71b47ab9,co COL,MFFW,Watford,22-294,1999,7.8,357,8,54,145,189,23,326,16,26,61.5,16,0,233,1311,784,42,15,6,18,10,338,232,68.6,41,Matches
89,Marc Cucurella\1daec722,es ESP,DF,Brighton,23-201,1998,18.3,1413,60,382,630,489,32,1213,19,30,63.3,21,3,866,4199,2633,103,33,4,14,18,966,858,88.8,38,Matches
90,Luke Cundle\cc3b8e78,eng ENG,MF,Wolves,19-288,2002,0,0,0,0,0,0,0,0,0,0,,0,0,0,0,0,0,0,0,0,0,0,0,,0,Matches
91,Patson Daka\ca45605e,zm ZAM,FWMF,Leicester City,23-122,1998,5,164,6,18,71,82,29,161,1,9,11.1,4,0,93,297,196,12,3,3,16,12,202,111,55,25,Matches
92,Stuart Dallas\67ca8566,nir NIR,DFMF,Leeds United,30-295,1991,20.9,1254,64,416,587,346,20,1071,10,19,52.6,10,2,712,4506,2602,102,40,9,10,24,770,680,88.3,39,Matches
93,Diogo Dalot\d9565625,pt POR,DF,Manchester Utd,22-327,1999,8.1,558,27,157,283,152,15,469,6,15,40,8,0,297,1445,848,50,9,4,10,8,339,307,90.6,26,Matches
94,Karl Darlow\cde3309f,eng ENG,GK,Newcastle Utd,31-123,1990,8,269,223,265,4,0,0,170,0,0,,0,0,95,546,294,0,0,0,0,0,94,93,98.9,0,Matches
95,Ben Davies\44781702,wls WAL,DF,Tottenham,28-290,1993,10.3,638,42,216,347,124,16,602,0,1,0,0,0,411,2680,1580,73,25,1,2,4,457,434,95,10,Matches
96,Tom Davies\9228b07c,eng ENG,MF,Everton,23-223,1998,1.8,87,2,13,44,31,8,86,0,0,,0,0,47,190,73,3,0,1,3,1,72,58,80.6,9,Matches
97,Keinan Davis\9deaf2c8,eng ENG,FW,Aston Villa,23-360,1998,0.1,7,0,0,5,2,0,7,0,0,,0,0,6,5,1,0,0,0,2,1,11,7,63.6,2,Matches
98,Craig Dawson\3e9e06cb,eng ENG,DF,West Ham,31-278,1990,16.9,829,139,447,382,47,28,812,2,2,100,2,0,463,2441,1219,30,5,0,2,5,503,495,98.4,3,Matches
99,Kevin De Bruyne\e46012d4,be BEL,MF,Manchester City,30-225,1991,12.2,933,18,90,375,520,57,857,18,28,64.3,18,1,624,2713,1717,86,33,6,19,16,792,695,87.8,82,Matches
100,Troy Deeney\82e34b69,eng ENG,FW,Watford,33-224,1988,0.3,11,2,2,1,8,5,11,0,0,,0,0,3,7,4,0,0,0,1,0,18,9,50,7,Matches
101,Fabian Delph\111c3236,eng ENG,MF,Everton,32-079,1989,2.8,161,9,49,100,21,0,159,4,5,80,4,0,99,485,198,7,0,0,4,2,100,95,95,3,Matches
102,Leander Dendoncker\5a7301ae,be BEL,MF,Wolves,26-299,1995,9.8,477,36,148,247,103,10,472,3,6,50,3,0,255,846,350,11,5,0,10,6,358,287,80.2,19,Matches
103,Emmanuel Dennis\2c44a35d,ng NGA,FWMF,Watford,24-085,1997,16.3,625,12,83,245,341,87,605,35,85,41.2,42,13,440,2150,1372,74,17,26,44,36,675,420,62.2,91,Matches
104,Kiernan Dewsbury Hall\5c74c0f5,eng ENG,MF,Leicester City,23-155,1998,6.8,484,25,140,240,144,14,476,9,12,75,9,0,320,1880,1036,39,11,1,15,17,355,318,89.6,28,Matches
105,Ibrahima Diallo\11ff3d56,fr FRA,MF,Southampton,22-337,1999,8.2,408,14,67,252,109,8,407,17,21,81,20,1,288,1463,780,39,12,1,7,10,331,279,84.3,12,Matches
106,Raphael Dias Belloli\3423f250,br BRA,MFFW,Leeds United,25-056,1996,18,1019,28,143,438,496,81,915,39,97,40.2,47,10,702,3343,2130,106,18,23,47,35,903,671,74.3,101,Matches
107,Rúben Dias\31c69ef1,pt POR,DF,Manchester City,24-270,1997,19.7,1758,133,652,1160,76,20,1722,2,4,50,2,0,1294,7328,4585,167,15,0,3,2,1430,1410,98.6,6,Matches
108,Eric Dier\ac861941,eng ENG,DF,Tottenham,28-024,1994,18.1,1228,234,719,556,34,10,1199,0,2,0,1,0,772,4766,2747,59,9,0,2,0,885,872,98.5,3,Matches
109,Lucas Digne\1b84dbe1,fr FRA,DF,Everton,28-203,1993,13,823,52,273,318,284,15,666,6,12,50,6,0,399,2075,1141,47,25,2,8,10,429,385,89.7,21,Matches
110,Lucas Digne\1b84dbe1,fr FRA,DF,Aston Villa,28-203,1993,2,143,10,43,62,45,4,117,2,3,66.7,2,1,78,281,113,6,1,1,2,4,82,73,89,13,Matches
111,Virgil van Dijk\e06683ca,nl NED,DF,Liverpool,30-215,1991,20,1588,198,775,833,46,26,1532,1,2,50,1,0,974,3953,2054,51,3,0,3,1,1127,1101,97.7,3,Matches
112,Issa Diop\a712ca2b,fr FRA,DF,West Ham,25-030,1997,8,374,55,227,168,6,3,369,0,0,,0,0,202,1250,583,8,2,0,1,1,230,225,97.8,0,Matches
113,Moussa Djenepo\254147d4,ml MLI,MF,Southampton,23-238,1998,4.8,235,7,44,93,110,25,235,13,26,50,14,1,172,922,628,28,6,7,17,15,176,142,80.7,18,Matches
114,Lewis Dobbin\e814e1cf,eng ENG,FWMF,Everton,19-036,2003,0.4,13,0,3,7,5,2,13,0,1,0,0,0,11,81,43,1,0,1,1,1,20,8,40,3,Matches
115,Matt Doherty\d557d734,ie IRL,DFMF,Tottenham,30-023,1992,2.6,174,7,50,58,72,17,153,4,6,66.7,4,0,100,644,391,21,2,2,4,1,101,99,98,18,Matches
116,Gabriel Dos Santos\67ac5bb8,br BRA,DF,Arsenal,24-051,1997,17.4,1124,208,652,503,54,20,1097,2,2,100,2,0,781,4636,2550,61,15,0,3,0,857,839,97.9,4,Matches
117,Abdoulaye Doucouré\02b29014,fr FRA,MF,Everton,29-038,1993,15.7,776,37,194,427,198,29,766,16,30,53.3,16,0,485,2404,1345,51,20,4,14,8,517,437,84.5,39,Matches
118,Kieran Dowell\2f6ec02a,eng ENG,FWMF,Norwich City,24-121,1997,3.8,150,4,20,65,73,8,137,3,5,60,3,0,94,370,178,10,3,2,6,6,140,101,72.1,26,Matches
119,Cody Drameh\e0d1510a,eng ENG,DF,Leeds United,20-062,2001,1.4,94,3,37,43,22,2,68,2,4,50,2,0,45,281,162,9,4,0,0,1,46,42,91.3,2,Matches
120,Martin Dúbravka\3a949a25,sk SVK,GK,Newcastle Utd,33-024,1989,9,341,282,340,2,0,0,209,0,0,,0,0,139,795,448,0,0,0,0,0,114,114,100,0,Matches
121,Shane Duffy\7314bba4,ie IRL,DF,Brighton,30-038,1992,12.9,922,171,601,327,42,18,905,2,2,100,2,0,553,2221,1094,16,4,0,2,1,672,653,97.2,1,Matches
122,Paul Dummett\3fe6bd8c,wls WAL,DF,Newcastle Utd,30-135,1991,1.7,80,5,32,39,14,0,63,0,0,,0,0,40,144,70,4,2,0,0,1,35,35,100,0,Matches
123,Lewis Dunk\282f75f3,eng ENG,DF,Brighton,30-079,1991,14,1122,168,673,480,37,10,1094,2,2,100,2,0,746,3655,1822,24,3,0,1,3,856,844,98.6,1,Matches
124,Ederson\3bb7b8b4,br BRA,GK,Manchester City,28-175,1993,22,679,566,671,9,0,0,573,0,0,,0,0,413,1645,1053,0,0,0,0,0,409,406,99.3,0,Matches
125,Odsonne Édouard\0562b7f1,fr FRA,FW,Crystal Palace,24-023,1998,12.9,514,14,56,247,246,68,493,19,45,42.2,23,3,326,1661,1071,56,16,7,31,37,600,362,60.3,90,Matches
126,Anthony Elanga\2fba6108,se SWE,FW,Manchester Utd,19-287,2002,2.8,136,1,24,55,66,15,133,5,10,50,6,0,89,353,111,10,2,4,6,4,134,94,70.1,25,Matches
127,Harvey Elliott\c8387671,eng ENG,MF,Liverpool,18-310,2003,2.8,223,1,18,108,113,17,216,2,7,28.6,2,0,164,742,429,25,10,2,5,1,183,169,92.3,18,Matches
128,Mohamed Elneny\47a34c4f,eg EGY,MF,Arsenal,29-212,1992,2,131,7,33,78,29,3,130,0,1,0,0,0,100,453,177,4,0,0,3,0,93,90,96.8,1,Matches
129,Mohamed Elyounoussi\68dc0dac,no NOR,MF,Southampton,27-188,1994,10.6,442,15,64,215,203,41,439,7,17,41.2,9,1,291,1773,1003,54,24,4,22,26,395,295,74.7,51,Matches
130,Emerson\df8b52a5,br BRA,DF,Tottenham,23-025,1999,13.8,1003,51,309,400,345,32,864,11,16,68.8,11,0,563,2609,1406,72,20,4,8,18,632,557,88.1,55,Matches
131,Oghenekaro Etebo\b579e83d,ng NGA,MF,Watford,26-091,1995,4.1,180,14,64,110,18,0,171,4,5,80,4,0,139,627,284,10,2,0,1,2,110,105,95.5,2,Matches
132,Jonny Evans\f8fcd2a5,nir NIR,DF,Leicester City,34-036,1988,8.4,565,106,349,222,16,9,543,0,1,0,0,0,319,1480,687,9,3,0,1,0,348,338,97.1,0,Matches
133,Eberechi Eze\ae4fc6a4,eng ENG,FWMF,Crystal Palace,23-224,1998,1.4,80,0,9,41,34,0,76,1,2,50,1,0,52,233,129,9,2,0,4,3,76,57,75,13,Matches
134,Łukasz Fabiański\9328b835,pl POL,GK,West Ham,36-296,1985,22,601,550,600,1,0,0,392,0,0,,0,0,234,1118,556,0,0,0,0,0,221,219,99.1,0,Matches
135,Fabinho\7f3b388c,br BRA,MF,Liverpool,28-108,1993,14.9,1026,35,212,665,190,11,1011,3,4,75,3,0,640,2804,1352,69,12,2,15,11,715,688,96.2,20,Matches
136,Kiko Femenía\e5d01ecf,es ESP,DF,Watford,31-006,1991,11.7,706,60,233,300,210,7,563,6,8,75,6,0,334,1711,815,38,14,1,9,5,360,323,89.7,9,Matches
137,Nathan Ferguson\2f8d27bc,eng ENG,DF,Crystal Palace,21-125,2000,0.1,5,0,4,1,0,0,3,0,0,,0,0,0,0,0,0,0,0,0,0,1,1,100,0,Matches
138,Bruno Fernandes\507c7bdf,pt POR,MF,Manchester Utd,27-153,1994,19.6,1340,39,209,627,584,61,1242,12,25,48,15,2,878,4206,2389,124,44,10,15,33,1173,977,83.3,116,Matches
139,Álvaro Fernández\f127d782,es ESP,GK,Brentford,23-301,1998,12,533,440,528,7,0,0,416,0,0,,0,0,268,1204,730,0,0,0,0,0,273,273,100,0,Matches
140,Federico Fernández\f25b010f,ar ARG,DF,Newcastle Utd,32-352,1989,5.8,267,59,176,93,12,10,260,0,0,,0,0,170,845,506,0,0,0,0,1,178,174,97.8,2,Matches
141,Fernandinho\101da2b5,br BRA,MF,Manchester City,36-280,1985,5.8,475,15,70,327,104,9,472,4,5,80,4,0,360,1596,790,36,8,0,5,8,383,371,96.9,14,Matches
142,Roberto Firmino\4c370d81,br BRA,FW,Liverpool,30-129,1991,6.7,390,2,33,186,197,44,379,9,21,42.9,11,1,262,1083,534,39,15,2,13,19,425,294,69.2,80,Matches
143,Junior Firpo\24f59bb2,es ESP,DF,Leeds United,25-170,1996,10.3,654,30,197,325,180,25,566,7,13,53.8,7,1,385,1876,1117,53,18,2,8,5,405,370,91.4,21,Matches
144,Ashley Fletcher\eeb6551f,eng ENG,FW,Watford,26-129,1995,0.3,15,1,3,6,7,1,15,0,1,0,0,0,7,29,15,1,0,0,0,0,29,8,27.6,1,Matches
145,Phil Foden\ed1e53f3,eng ENG,FW,Manchester City,21-256,2000,12.2,789,5,36,286,509,82,724,17,27,63,18,2,595,2655,1329,77,25,27,13,35,773,618,79.9,101,Matches
146,Pablo Fornals\82927de4,es ESP,MFFW,West Ham,25-351,1996,17.8,916,18,131,438,400,44,876,14,31,45.2,14,5,628,3246,1730,87,28,6,19,20,817,641,78.5,88,Matches
147,Adam Forshaw\9f1938ab,eng ENG,MF,Leeds United,30-123,1991,9.5,502,15,151,285,101,5,492,3,9,33.3,3,0,322,1544,617,23,7,0,3,12,374,323,86.4,17,Matches
148,Marcus Forss\82c215a0,fi FIN,FWMF,Brentford,22-235,1999,2.3,69,0,3,36,33,10,66,2,4,50,2,0,27,95,47,3,0,0,6,1,89,41,46.1,17,Matches
149,Fraser Forster\c3e39f12,eng ENG,GK,Southampton,33-328,1988,5,189,156,188,1,0,0,126,0,0,,0,0,76,385,244,0,0,0,0,0,66,66,100,0,Matches
150,Ben Foster\d0b3ceb9,eng ENG,GK,Watford,38-311,1983,10,368,292,363,6,0,0,245,0,0,,0,0,153,966,612,0,0,0,0,0,138,137,99.3,0,Matches
151,Ryan Fraser\d56543a0,sct SCO,MFFW,Newcastle Utd,27-349,1994,8.5,289,11,68,104,138,19,269,3,7,42.9,3,0,195,967,587,38,11,6,6,6,261,196,75.1,21,Matches
152,Fred\b853e0ad,br BRA,MF,Manchester Utd,28-340,1993,15.9,1112,55,281,670,203,9,1093,7,17,41.2,8,0,686,2571,1243,46,9,1,22,22,790,740,93.7,22,Matches
153,Ryan Fredericks\c067631c,eng ENG,DF,West Ham,29-121,1992,0.3,11,1,3,7,2,0,10,0,0,,0,0,2,30,23,1,1,0,0,0,5,4,80,0,Matches
154,Leo Fuhr Hjelde\d102b8a2,no NOR,DF,Leeds United,18-166,2003,0.8,55,5,26,21,9,1,42,0,0,,0,0,23,78,47,2,0,0,1,0,31,29,93.5,1,Matches
155,Conor Gallagher\c2731c10,eng ENG,MF,Crystal Palace,22-002,2000,18.4,965,35,195,462,371,64,890,31,43,72.1,31,0,635,3013,1303,68,20,10,32,37,686,577,84.1,67,Matches
156,Dwight Gayle\e58a03c6,eng ENG,FW,Newcastle Utd,31-114,1990,0.3,13,0,0,8,6,1,13,0,0,,0,0,9,16,7,1,0,0,1,0,19,10,52.6,2,Matches
157,Jean-Philippe Gbamin\6bd603db,ci CIV,MF,Everton,26-136,1995,0.7,28,1,8,22,1,0,28,1,2,50,2,0,19,113,69,2,0,0,1,2,20,18,90,1,Matches
158,David de Gea\7ba6d84e,es ESP,GK,Manchester Utd,31-093,1990,22,587,550,587,0,0,0,378,0,0,,0,0,207,918,493,0,0,0,1,0,207,205,99,0,Matches
159,Joe Gelhardt\01962d0d,eng ENG,FW,Leeds United,19-280,2002,3.5,113,1,9,59,56,23,102,11,22,50,13,0,95,487,295,16,4,4,6,7,134,69,51.5,21,Matches
160,Anwar El Ghazi\ffa90327,nl NED,FWMF,Aston Villa,26-281,1995,4.3,183,3,16,64,117,17,180,3,12,25,5,2,119,626,416,27,6,4,21,10,203,136,67,29,Matches
161,Saman Ghoddos\f7b1d4e0,ir IRN,MFDF,Brentford,28-155,1993,4,212,7,42,95,88,17,192,4,5,80,4,1,115,619,389,21,7,2,4,3,165,117,70.9,23,Matches
162,Dimitris Giannoulis\112c495e,gr GRE,DF,Norwich City,26-114,1995,6.1,419,36,166,192,92,7,360,16,28,57.1,19,1,274,1424,797,28,5,3,12,5,251,228,90.8,20,Matches
163,Morgan Gibbs-White\32f60ed8,eng ENG,FWMF,Wolves,22-012,2000,0.1,13,0,3,3,8,3,12,0,0,,0,0,7,18,12,1,1,0,0,0,9,8,88.9,3,Matches
164,Ben Gibson\bcfb0142,eng ENG,DF,Norwich City,29-024,1993,17.7,1118,216,688,445,48,20,1082,1,3,33.3,1,0,659,3439,2176,53,12,0,3,3,759,750,98.8,1,Matches
165,Billy Gilmour\df10e27c,sct SCO,MF,Norwich City,20-242,2001,11.7,847,29,216,489,197,5,773,6,13,46.2,11,1,498,2807,1211,51,20,0,4,7,619,573,92.6,15,Matches
166,Ben Godfrey\9f7c837d,eng ENG,DF,Everton,24-024,1998,16.5,777,96,344,338,140,24,692,4,7,57.1,4,0,377,2123,1057,35,18,1,7,6,411,371,90.3,14,Matches
167,André Gomes\1961b2aa,pt POR,MF,Everton,28-193,1993,4.4,240,6,43,132,82,8,232,9,12,75,10,1,162,747,405,11,1,1,8,9,182,151,83,9,Matches
168,Toti Gomes\f0caab96,pt POR,DF,Wolves,23-023,1999,2,111,17,63,51,3,0,110,1,2,50,1,0,51,289,109,3,1,0,0,0,59,56,94.9,0,Matches
169,Joe Gomez\7a11550b,eng ENG,DF,Liverpool,24-261,1997,0.2,19,3,6,10,3,0,17,0,0,,0,0,7,6,1,0,0,0,0,0,7,7,100,0,Matches
170,Charlie Goode\7aee4dd3,eng ENG,DF,Brentford,26-189,1995,5,337,20,122,163,74,11,262,5,7,71.4,5,0,163,1003,497,14,7,0,1,1,171,164,95.9,7,Matches
171,Anthony Gordon\2bd83368,eng ENG,MFFW,Everton,20-349,2001,10.2,470,11,79,185,248,37,446,13,26,50,15,3,314,2132,1170,54,18,7,24,17,408,307,75.2,40,Matches
172,Kaide Gordon\19a9cb70,eng ENG,FW,Liverpool,17-126,2004,0.1,8,0,0,4,4,1,8,0,1,0,0,1,7,32,9,1,0,0,0,1,11,7,63.6,3,Matches
173,Dan Gosling\7fec31a0,eng ENG,MF,Watford,32-007,1990,0.2,9,2,6,3,1,0,9,0,0,,0,0,3,5,5,0,0,0,1,0,4,4,100,0,Matches
174,Demarai Gray\4468ec10,eng ENG,MFFW,Everton,25-225,1996,16.7,708,8,65,283,435,65,663,27,56,48.2,28,3,533,3655,2109,116,43,24,38,29,678,490,72.3,105,Matches
175,Jack Grealish\b0b4fd3e,eng ENG,FW,Manchester City,26-151,1995,13.8,794,8,48,306,515,126,777,20,36,55.6,22,0,696,5193,3239,204,45,60,16,27,821,666,81.1,127,Matches
176,Mason Greenwood\58eee997,eng ENG,FWMF,Manchester Utd,20-130,2001,14.1,665,6,80,296,339,60,648,29,50,58,31,3,534,3452,2034,107,28,27,19,20,702,526,74.9,92,Matches
177,Sam Greenwood\f3354c07,eng ENG,MF,Leeds United,20-013,2002,0.1,8,0,1,5,3,0,8,0,0,,0,0,7,44,8,1,1,0,1,0,7,7,100,4,Matches
178,Pascal Groß\8aec0537,de GER,MFDF,Brighton,30-238,1991,11.7,840,27,161,358,356,31,738,3,7,42.9,4,1,497,2316,1013,58,17,3,12,14,639,557,87.2,53,Matches
179,Vicente Guaita\ab13a5aa,es ESP,GK,Crystal Palace,35-029,1987,19,650,595,649,1,0,0,501,0,0,,0,0,325,1272,625,0,0,0,0,0,306,306,100,0,Matches
180,Marc Guéhi\d0706b27,eng ENG,DF,Crystal Palace,21-210,2000,21,1489,249,877,656,48,13,1454,9,11,81.8,9,0,1017,5500,3022,63,15,1,5,3,1064,1060,99.6,0,Matches
181,İlkay Gündoğan\819b3158,de GER,MF,Manchester City,31-107,1990,11.8,830,14,85,423,379,59,762,13,18,72.2,13,1,572,2822,1325,74,28,6,10,13,732,642,87.7,72,Matches
182,Angus Gunn\e082af5b,eng ENG,GK,Norwich City,26-017,1996,3,102,80,102,0,0,0,67,0,0,,0,0,35,116,66,0,0,0,0,0,40,40,100,0,Matches
183,Grant Hanley\e9254eec,sct SCO,DF,Norwich City,30-080,1991,17.2,940,183,609,346,22,16,911,4,6,66.7,4,0,503,2105,923,15,1,0,4,1,552,540,97.8,1,Matches
184,Jack Harrison\aa849a12,eng ENG,MFFW,Leeds United,25-080,1996,15,737,15,138,293,369,56,720,24,49,49,26,4,567,3587,2310,125,36,20,36,35,676,529,78.3,66,Matches
185,Kortney Hause\bf8fad51,eng ENG,DF,Aston Villa,26-207,1995,4.4,249,35,143,112,10,6,244,2,4,50,2,0,151,957,510,3,0,0,1,2,151,144,95.4,2,Matches
186,Kai Havertz\fed7cb61,de GER,FWMF,Chelsea,22-242,1999,10.5,492,22,56,235,231,61,481,10,24,41.7,11,1,339,1890,958,57,12,15,32,20,587,369,62.9,93,Matches
187,Isaac Hayden\c951a6df,eng ENG,MFDF,Newcastle Utd,26-323,1995,11.1,460,46,181,218,76,10,445,8,13,61.5,8,0,247,847,361,12,7,1,9,10,284,242,85.2,10,Matches
188,Hwang Hee-chan\169fd162,kr KOR,FWMF,Wolves,26-013,1996,10.9,443,8,67,241,176,39,438,16,36,44.4,18,6,333,1999,1043,52,18,11,23,21,472,337,71.4,68,Matches
189,Jordan Henderson\935e6b8f,eng ENG,MF,Liverpool,31-236,1990,17.4,1472,26,174,917,470,33,1428,9,16,56.3,9,3,975,4361,1969,82,43,4,13,10,1243,1141,91.8,81,Matches
190,Jeff Hendrick\989d5705,ie IRL,MF,Newcastle Utd,30-008,1992,0.8,32,1,4,20,9,1,32,1,1,100,1,1,25,75,26,1,0,0,0,1,26,23,88.5,1,Matches
191,Wayne Hennessey\76eca7e2,wls WAL,GK,Burnley,35-015,1987,2,87,69,83,4,0,0,51,0,0,,0,0,26,156,131,0,0,0,0,0,23,23,100,0,Matches
192,Rico Henry\8a3c1dc7,eng ENG,DF,Brentford,24-215,1997,16.4,786,47,240,343,252,15,758,14,33,42.4,14,1,501,2296,1103,49,15,2,10,29,520,446,85.8,32,Matches
193,Son Heung-min\92e7e919,kr KOR,FWMF,Tottenham,29-215,1992,16.5,839,3,63,332,500,93,717,29,49,59.2,32,1,576,3287,1707,95,33,22,29,38,811,578,71.3,143,Matches
194,Ki-Jana Hoever\9a71e978,nl NED,DF,Wolves,20-021,2002,2.2,131,8,44,55,37,3,107,1,2,50,1,0,68,402,265,8,2,3,1,2,81,65,80.2,3,Matches
195,Rob Holding\d79a8c87,eng ENG,DF,Arsenal,26-141,1995,4.6,289,45,164,126,14,5,282,1,2,50,1,0,174,813,403,4,2,0,1,3,189,184,97.4,0,Matches
196,Mason Holgate\d0042ab9,eng ENG,DF,Everton,25-109,1996,7.8,385,53,201,186,15,1,353,1,1,100,1,0,157,841,428,6,0,0,1,4,166,160,96.4,0,Matches
197,Callum Hudson-Odoi\15f3ec41,eng ENG,FWMF,Chelsea,21-093,2000,10.7,505,7,40,194,315,62,491,19,29,65.5,19,0,420,2972,1869,106,25,34,16,24,506,395,78.1,73,Matches
198,Will Hughes\a0666d3e,eng ENG,MF,Crystal Palace,26-297,1995,6.4,330,19,96,179,72,2,302,5,10,50,6,0,200,866,442,15,6,0,5,9,211,192,91,3,Matches
199,Pierre Højbjerg\8b04d6c1,dk DEN,MF,Tottenham,26-187,1995,18.9,1495,47,333,974,276,18,1450,23,37,62.2,24,2,1041,4693,2467,88,26,1,15,13,1124,1060,94.3,35,Matches
200,Adam Idah\291e3ec3,ie IRL,FWMF,Norwich City,20-334,2001,6,213,10,21,88,116,29,209,12,16,75,12,0,158,889,327,19,3,2,22,16,305,148,48.5,51,Matches
201,Kelechi Iheanacho\c92e1a31,ng NGA,FWMF,Leicester City,25-128,1996,6.6,284,4,24,139,135,30,277,9,21,42.9,10,2,212,878,507,29,8,4,24,14,370,211,57,50,Matches
202,Danny Ings\07802f7f,eng ENG,FW,Aston Villa,29-200,1992,12.4,347,10,36,147,175,68,329,9,20,45,10,1,187,774,397,19,6,3,30,7,461,213,46.2,64,Matches
203,Alex Iwobi\6ca5ec4b,ng NGA,MFFW,Everton,25-281,1996,7.9,332,9,60,126,174,37,327,14,26,53.8,16,3,262,1481,861,40,11,11,14,13,332,238,71.7,46,Matches
204,Daniel James\c931d9f9,wls WAL,FW,Manchester Utd,24-090,1997,1.4,53,1,2,22,33,9,53,0,3,0,1,0,33,232,158,10,3,1,5,3,50,34,68,15,Matches
205,Daniel James\c931d9f9,wls WAL,FWMF,Leeds United,24-090,1997,13.8,440,12,51,145,277,76,429,9,27,33.3,10,0,311,2111,1295,79,14,25,25,19,529,308,58.2,89,Matches
206,Reece James\1265a93a,eng ENG,DF,Chelsea,22-062,1999,12.4,1038,22,190,436,480,45,880,18,25,72,19,0,705,3119,1582,87,31,9,10,14,763,700,91.7,64,Matches
207,Vitaly Janelt\8449d35e,de GER,MF,Brentford,23-274,1998,15,766,48,238,387,179,20,716,8,10,80,9,1,416,2071,1013,37,10,3,13,9,540,442,81.9,24,Matches
208,Pontus Jansson\172e52d8,se SWE,DF,Brentford,30-360,1991,22.9,1191,261,773,434,37,27,1151,1,2,50,2,0,598,3032,1413,20,0,1,6,2,706,670,94.9,3,Matches
209,Mathias Jensen\0f134faf,dk DEN,MF,Brentford,26-038,1996,9.4,554,17,109,290,190,16,484,3,8,37.5,5,1,314,1384,690,33,10,0,11,11,402,323,80.3,31,Matches
210,Gabriel Jesus\b66315ae,br BRA,FW,Manchester City,24-311,1997,14.7,767,10,67,296,449,108,754,26,43,60.5,30,2,621,2995,1504,114,18,23,46,32,797,603,75.7,106,Matches
211,Raúl Jiménez\b561db50,mx MEX,FW,Wolves,30-279,1991,17.3,752,20,76,405,312,88,721,28,62,45.2,32,0,524,1965,972,58,12,14,55,39,909,561,61.7,118,Matches
212,Joelinton\c17bfb65,br BRA,MFFW,Newcastle Utd,25-178,1996,14.9,786,46,178,385,286,52,777,22,40,55,23,4,516,2528,1433,60,17,4,45,44,641,491,76.6,61,Matches
213,Ben Johnson\9319781b,eng ENG,DF,West Ham,22-015,2000,8.9,572,54,212,253,137,6,470,6,11,54.5,8,0,301,1566,692,31,13,1,8,8,310,287,92.6,8,Matches
214,Curtis Jones\4fb9c88f,eng ENG,MF,Liverpool,21-009,2001,5.6,396,7,51,242,135,8,393,6,10,60,6,0,310,1609,820,46,14,2,6,14,360,325,90.3,20,Matches
215,Phil Jones\def899bd,eng ENG,DF,Manchester Utd,29-352,1992,1,60,10,22,35,6,0,60,0,0,,0,0,42,200,121,4,1,0,0,0,39,39,100,0,Matches
216,Jorginho\45db685d,it ITA,MF,Chelsea,30-050,1991,16.9,1342,49,326,809,297,12,1317,6,7,85.7,7,1,911,3555,1696,61,23,0,8,20,1034,999,96.6,24,Matches
217,Diogo Jota\178ae8f8,pt POR,FW,Liverpool,25-066,1996,17.1,736,11,62,324,396,114,731,24,50,48,27,6,514,2547,1609,90,26,13,39,34,914,565,61.8,139,Matches
218,James Justin\fb614c44,eng ENG,DF,Leicester City,23-350,1998,1.4,91,9,39,33,27,2,83,0,3,0,0,0,55,224,128,4,2,0,0,1,65,56,86.2,4,Matches
219,Mathias Jørgensen\0db5d2c8,dk DEN,DF,Brentford,31-291,1990,4.8,317,19,122,139,72,3,254,0,0,,0,0,136,647,448,10,5,0,1,2,158,148,93.7,1,Matches
220,Ozan Kabak\2d61d13a,tr TUR,DF,Norwich City,21-320,2000,8.2,421,61,271,166,15,5,409,11,15,73.3,11,0,270,1398,802,13,3,0,3,5,282,272,96.5,0,Matches
221,Christian Kabasele\914ab9a1,be BEL,DF,Watford,30-349,1991,3.3,205,34,149,63,3,2,204,0,0,,0,0,124,530,258,4,0,0,0,0,136,136,100,0,Matches
222,Hassane Kamara\19a12bed,ci CIV,DF,Watford,27-142,1994,2.9,211,11,90,104,32,2,175,4,5,80,4,1,119,655,288,7,2,0,2,1,115,103,89.6,4,Matches
223,Harry Kane\21a66f6a,eng ENG,FW,Tottenham,28-195,1993,17.9,712,25,59,356,350,101,677,29,47,61.7,30,3,500,2665,1211,61,29,14,54,33,918,550,59.9,143,Matches
224,N'Golo Kanté\b9fbae28,fr FRA,MF,Chelsea,30-316,1991,10.7,786,23,179,390,274,17,783,19,28,67.9,19,0,570,2918,1584,63,27,3,13,17,643,592,92.1,48,Matches
225,Edo Kayembe\f99b71de,cd COD,MF,Watford,23-189,1998,2.8,190,8,51,120,34,1,185,3,5,60,3,0,124,715,374,13,5,0,1,2,116,109,94,4,Matches
226,Moise Kean\3d50bcdb,it ITA,FW,Everton,21-345,2000,0,2,0,0,2,0,0,2,0,0,,0,0,0,0,0,0,0,0,0,1,3,2,66.7,0,Matches
227,Michael Keane\c5b7c315,eng ENG,DF,Everton,29-028,1993,19,933,140,507,438,40,17,920,4,6,66.7,4,0,460,2671,1230,34,6,0,4,2,503,488,97,4,Matches
228,Naby Keïta\f25c8e3a,gn GUI,MF,Liverpool,26-363,1995,5.9,402,6,53,241,133,15,395,8,10,80,8,0,290,1515,945,50,13,6,8,7,328,286,87.2,18,Matches
229,Caoimhín Kelleher\62d7ef38,ie IRL,GK,Liverpool,23-077,1998,2,94,72,94,0,0,0,75,0,0,,0,0,53,166,99,0,0,0,0,0,54,54,100,0,Matches
230,Jonjoe Kenny\099e666f,eng ENG,DF,Everton,24-330,1997,3,155,8,42,77,41,1,126,0,1,0,0,0,80,235,112,6,3,0,2,1,80,72,90,3,Matches
231,Max Kilman\d0f72bf1,eng ENG,DF,Wolves,24-261,1997,21,1198,145,628,581,71,19,1173,10,12,83.3,10,0,742,4022,2383,79,17,1,6,6,787,768,97.6,3,Matches
232,Joshua King\43458538,no NOR,FW,Watford,30-024,1992,17.1,586,23,68,268,287,90,562,27,44,61.4,27,3,370,2111,1228,62,21,20,63,28,784,412,52.6,122,Matches
233,Mateusz Klich\282679b4,pl POL,MF,Leeds United,31-240,1990,12.4,649,19,118,302,269,41,639,9,11,81.8,10,0,439,2489,1170,59,19,5,13,11,568,458,80.6,85,Matches
234,Robin Koch\ea6bc03a,de GER,MFDF,Leeds United,25-206,1996,5,208,33,106,96,14,2,206,2,2,100,2,0,92,378,173,1,1,0,1,1,104,97,93.3,1,Matches
235,Sead Kolašinac\3935e52e,ba BIH,DF,Arsenal,28-233,1993,1,27,8,19,8,0,0,25,0,0,,0,0,10,30,15,0,0,0,0,0,8,7,87.5,0,Matches
236,Ibrahima Konaté\5ed9b537,fr FRA,DF,Liverpool,22-259,1999,7,479,60,221,272,10,4,474,0,0,,0,0,306,1402,807,21,0,0,2,1,320,311,97.2,2,Matches
237,Ezri Konsa\0313a347,eng ENG,DF,Aston Villa,24-108,1997,19,800,141,461,324,56,31,776,5,6,83.3,5,0,459,2057,1043,21,6,0,8,4,509,477,93.7,7,Matches
238,Cheikhou Kouyaté\8d3c902d,sn SEN,MF,Crystal Palace,32-049,1989,14.7,728,64,268,405,83,6,716,9,14,64.3,10,0,415,1731,761,21,5,0,21,12,382,356,93.2,5,Matches
239,Mateo Kovačić\79c0821a,hr CRO,MF,Chelsea,27-278,1994,12.5,963,21,200,595,256,15,946,23,28,82.1,24,0,725,3953,2010,90,44,5,10,21,761,729,95.8,20,Matches
240,Emil Krafth\77cf6852,se SWE,DF,Newcastle Utd,27-190,1994,6,254,33,144,76,42,4,219,1,1,100,1,0,131,584,317,9,1,1,1,0,144,135,93.8,1,Matches
241,Alex Král\e717705a,cz CZE,MF,West Ham,23-265,1998,0,2,0,0,2,0,0,2,0,0,,0,0,1,4,0,0,0,0,0,0,0,0,,0,Matches
242,Tim Krul\f23f9d20,nl NED,GK,Norwich City,33-311,1988,19,773,654,765,11,0,0,556,0,0,,0,0,330,1481,843,0,0,0,0,0,348,346,99.4,0,Matches
243,Juraj Kucka\5aaef9ef,sk SVK,MF,Watford,34-347,1987,15,708,61,221,370,150,15,684,14,24,58.3,15,5,330,1529,846,43,11,1,18,15,428,347,81.1,11,Matches
244,Alexandre Lacazette\9dbb75ca,fr FRA,FWMF,Arsenal,30-256,1991,10.6,402,1,44,193,188,56,392,13,20,65,13,0,247,946,510,23,8,4,28,12,435,300,69,66,Matches
245,Adam Lallana\99813635,eng ENG,MF,Brighton,33-274,1988,15.2,966,35,240,538,245,32,961,16,24,66.7,17,0,687,2798,1282,56,15,4,20,18,761,696,91.5,58,Matches
246,Tariq Lamptey\f4e433d4,eng ENG,DFFW,Brighton,21-131,2000,9.1,544,20,110,205,266,33,502,18,36,50,19,0,390,2252,1467,85,13,14,14,14,458,371,81,38,Matches
247,Manuel Lanzini\26f6dca8,ar ARG,MF,West Ham,28-358,1993,9.6,673,11,117,377,222,23,631,12,18,66.7,13,0,486,2336,1098,56,24,5,9,9,541,477,88.2,29,Matches
248,Aymeric Laporte\119b9a8e,es ESP,DF,Manchester City,27-257,1994,18.1,1711,140,648,1125,85,31,1680,1,2,50,1,0,1268,7678,5335,184,22,1,1,2,1412,1387,98.2,5,Matches
249,Jamaal Lascelles\450ab6fc,eng ENG,DF,Newcastle Utd,28-089,1993,16.7,690,179,459,201,51,36,683,1,1,100,1,0,296,1239,487,9,1,0,3,3,371,353,95.1,4,Matches
250,Pierre Lees-Melou\f5044e54,fr FRA,MF,Norwich City,28-259,1993,13.9,694,45,199,353,168,19,687,7,16,43.8,10,1,434,1842,796,28,6,4,9,4,506,442,87.4,26,Matches
251,Aaron Lennon\2ff964a0,eng ENG,MFFW,Burnley,34-298,1987,4.7,139,7,25,60,63,11,137,3,9,33.3,3,0,87,427,231,11,4,4,7,6,132,84,63.6,11,Matches
252,Bernd Leno\2628fd2b,de GER,GK,Arsenal,29-341,1992,3,99,86,99,0,0,0,70,0,0,,0,0,50,274,111,0,0,0,0,0,41,41,100,0,Matches
253,Jamal Lewis\efb9215a,nir NIR,DF,Newcastle Utd,24-014,1998,2.9,140,10,57,52,34,1,117,1,3,33.3,1,0,76,323,98,4,0,1,1,8,72,65,90.3,2,Matches
254,Victor Lindelöf\f5deef4c,se SWE,DF,Manchester Utd,27-206,1994,14.1,852,144,509,367,34,6,837,0,1,0,0,0,488,3200,1573,34,9,0,2,3,536,532,99.3,0,Matches
255,Jesse Lingard\810e3c74,eng ENG,FW,Manchester Utd,29-055,1992,1.1,62,0,4,26,33,6,61,1,2,50,1,0,44,265,163,6,1,1,3,2,63,47,74.6,8,Matches
256,Valentino Livramento\afed6722,eng ENG,DF,Southampton,19-088,2002,17.9,1038,62,306,497,329,36,882,23,39,59,27,1,601,4306,2484,97,38,11,25,25,589,521,88.5,42,Matches
257,Diego Llorente\bba30585,es ESP,DF,Leeds United,28-176,1993,14.1,926,144,560,421,30,5,904,7,9,77.8,7,1,590,4562,2977,36,4,0,4,5,594,581,97.8,0,Matches
258,Hugo Lloris\8f62b6ee,fr FRA,GK,Tottenham,35-044,1986,20,549,495,548,2,0,0,363,0,0,,0,0,189,849,466,0,0,0,0,0,177,175,98.9,0,Matches
259,Giovani Lo Celso\d7553721,ar ARG,MFFW,Tottenham,25-305,1996,2.6,196,1,25,99,85,10,184,6,8,75,8,0,139,765,389,20,6,1,8,10,171,145,84.8,23,Matches
260,Jürgen Locadia\6cc47ae1,nl NED,FW,Brighton,28-093,1993,0.3,6,0,0,3,3,2,6,1,1,100,1,0,5,10,4,0,0,0,0,1,15,4,26.7,0,Matches
261,Ruben Loftus-Cheek\e97fd090,eng ENG,MF,Chelsea,26-016,1996,7.7,557,12,105,346,148,17,555,24,36,66.7,25,3,418,2140,1338,64,22,3,11,18,440,405,92,24,Matches
262,Shane Long\9f472354,ie IRL,FWMF,Southampton,35-017,1987,1.2,44,1,3,14,30,3,44,0,1,0,0,0,20,80,19,0,0,0,3,5,56,32,57.1,7,Matches
263,Sean Longstaff\a2b105e0,eng ENG,MF,Newcastle Utd,24-101,1997,10.9,565,38,164,317,118,10,544,3,6,50,3,0,338,1591,576,15,6,0,8,15,359,321,89.4,14,Matches
264,Ademola Lookman\7c104bb7,eng ENG,FWMF,Leicester City,24-111,1997,9.8,466,7,63,224,205,52,458,19,34,55.9,20,2,372,1662,961,57,16,9,23,31,430,318,74,83,Matches
265,Jonas Lössl\939bc634,dk DEN,GK,Brentford,33-007,1989,2,66,54,65,1,0,0,50,0,0,,0,0,42,213,140,0,0,0,0,0,36,35,97.2,0,Matches
266,Imran Louza\e1df6989,ma MAR,MF,Watford,22-283,1999,4.7,238,14,51,139,59,0,207,5,8,62.5,5,0,110,554,232,8,1,0,3,1,116,107,92.2,4,Matches
267,Matthew Lowton\9a9c05db,eng ENG,DF,Burnley,32-244,1989,16.8,913,79,282,421,250,7,744,7,13,53.8,8,0,405,1778,1048,47,17,1,8,7,448,406,90.6,13,Matches
268,Douglas Luiz\6f7d826d,br BRA,MF,Aston Villa,23-275,1998,15.7,881,46,217,508,201,2,800,11,23,47.8,12,2,509,2612,1217,48,13,0,16,9,566,511,90.3,16,Matches
269,Romelu Lukaku\5eae500a,be BEL,FW,Chelsea,28-271,1993,12.1,347,15,24,165,181,73,329,11,19,57.9,13,0,215,986,623,34,10,18,28,23,553,257,46.5,109,Matches
270,Lyanco\b5bf1770,br BRA,DF,Southampton,25-007,1997,6.1,308,54,164,146,17,5,300,3,4,75,3,0,162,828,322,10,3,1,2,3,150,146,97.3,2,Matches
271,Alexis Mac Allister\83d074ff,ar ARG,MFFW,Brighton,23-046,1998,9.4,632,25,125,286,258,25,588,1,12,8.3,3,1,385,1761,929,46,15,1,9,14,438,390,89,35,Matches
272,James Maddison\ee38d9c5,eng ENG,MFFW,Leicester City,25-077,1996,14.9,672,11,97,340,277,54,594,18,31,58.1,19,1,466,2341,1298,69,17,6,19,19,598,468,78.3,85,Matches
273,Harry Maguire\d8931174,eng ENG,DF,Manchester Utd,28-340,1993,16.7,1118,160,566,566,59,20,1092,2,3,66.7,2,0,682,4595,2629,76,17,0,4,4,749,734,98,2,Matches
274,Riyad Mahrez\892d5bb1,dz ALG,FW,Manchester City,30-352,1991,9.4,646,12,42,216,432,70,592,14,25,56,14,0,505,2694,1526,84,15,20,16,21,569,500,87.9,78,Matches
275,Ainsley Maitland-Niles\e3a5814e,eng ENG,MF,Arsenal,24-163,1997,3,171,9,47,89,41,1,166,2,7,28.6,2,0,101,422,216,10,1,0,3,5,116,108,93.1,3,Matches
276,Sadio Mané\c691bfe2,sn SEN,FW,Liverpool,29-304,1992,19,917,13,71,368,551,170,909,29,52,55.8,31,3,703,4058,2113,125,35,40,61,43,1119,721,64.4,215,Matches
277,Javier Manquillo\758dd7f0,es ESP,DF,Newcastle Utd,27-279,1994,11.8,471,49,197,187,107,11,391,7,10,70,7,0,215,979,446,16,8,1,8,6,222,186,83.8,17,Matches
278,Fernando Marçal\9ae9eaea,br BRA,DF,Wolves,32-354,1989,10.6,688,42,227,278,221,10,595,4,9,44.4,5,1,381,1748,1072,65,17,2,7,10,416,377,90.6,27,Matches
279,Solly March\bb5fbd2b,eng ENG,DFFW,Brighton,27-203,1994,10,541,28,105,197,269,37,489,16,23,69.6,16,1,364,2098,1182,62,11,11,13,14,437,340,77.8,48,Matches
280,Pablo Marí\aa54ec6f,es ESP,DF,Arsenal,28-161,1993,2,114,15,55,61,7,3,113,1,1,100,1,0,59,353,190,4,1,0,0,0,66,65,98.5,2,Matches
281,Anthony Martial\8b788c01,fr FRA,FW,Manchester Utd,26-065,1995,2.4,110,1,9,40,66,19,109,5,7,71.4,5,0,88,489,327,18,4,4,4,2,143,95,66.4,30,Matches
282,Martinelli\48a5a5d6,br BRA,FWMF,Arsenal,20-235,2001,9.7,392,12,41,133,244,61,367,10,22,45.5,12,2,259,1870,1133,61,15,19,22,18,392,256,65.3,64,Matches
283,Emiliano Martínez\7956236f,ar ARG,GK,Aston Villa,29-159,1992,20,669,569,657,13,0,0,446,0,0,,0,0,302,1418,821,0,0,0,0,0,258,254,98.4,0,Matches
284,Adam Masina\de0f152c,ma MAR,DF,Watford,28-037,1994,9.6,524,55,204,233,101,2,430,8,10,80,8,0,248,994,540,19,6,0,5,3,261,243,93.1,4,Matches
285,Arthur Masuaku\57df7a11,cd COD,DFFW,West Ham,28-093,1993,5.6,385,23,116,153,133,9,349,5,7,71.4,5,1,236,1045,604,32,5,4,6,5,238,216,90.8,7,Matches
286,Jean-Philippe Mateta\50e6dc35,fr FRA,FW,Crystal Palace,24-225,1997,3.3,102,9,19,49,37,15,94,3,6,50,3,0,40,104,32,4,1,3,3,2,125,70,56,15,Matches
287,Nemanja Matić\eb7822d7,rs SRB,MF,Manchester Utd,33-191,1988,8.5,644,34,201,403,95,4,631,7,9,77.8,7,0,418,2634,1636,57,11,0,10,8,462,448,97,4,Matches
288,Joël Matip\b217ef29,cm CMR,DF,Liverpool,30-184,1991,17,1375,134,548,851,104,35,1345,11,12,91.7,11,0,877,5570,3791,145,41,3,4,6,987,959,97.2,7,Matches
289,Neal Maupay\4bcf39f6,fr FRA,FW,Brighton,25-178,1996,16.6,563,7,39,227,326,84,533,22,34,64.7,25,4,388,1466,603,37,15,4,36,39,765,406,53.1,141,Matches
290,Bryan Mbeumo\6afaebf2,fr FRA,FW,Brentford,22-185,1999,18.5,701,12,72,273,400,74,667,21,43,48.8,22,3,431,2261,1257,62,21,13,50,39,937,479,51.1,159,Matches
291,James McArthur\cee31595,sct SCO,MF,Crystal Palace,34-124,1987,10.6,698,36,158,411,166,19,669,11,17,64.7,11,2,467,2358,1115,42,16,2,8,17,486,433,89.1,25,Matches
292,James Mcatee\96593e89,eng ENG,FW,Manchester City,19-113,2002,0,6,0,0,3,3,3,6,1,1,100,1,0,6,26,23,1,0,1,0,1,5,5,100,1,Matches
293,Kasey McAteer\b2c66859,eng ENG,FW,Leicester City,20-078,2001,0,2,1,1,0,1,0,2,0,0,,0,0,2,5,5,0,0,0,1,0,4,2,50,0,Matches
294,Liam McCarron\076bb352,sct SCO,FW,Leeds United,20-338,2001,0.1,2,0,1,2,0,0,2,0,0,,0,0,2,32,8,1,0,0,0,0,1,1,100,0,Matches
295,Alex McCarthy\36c2ca73,eng ENG,GK,Southampton,32-067,1989,15,483,397,480,4,0,0,340,0,0,,0,0,220,829,480,0,0,0,0,0,208,206,99,0,Matches
296,John McGinn\90f91999,sct SCO,MF,Aston Villa,27-113,1994,17.4,874,28,182,480,273,14,805,19,32,59.4,21,1,578,2766,1533,68,22,2,16,22,598,532,89,37,Matches
297,Stuart McKinstry\1000a059,sct SCO,MF,Leeds United,19-143,2002,0,4,0,1,4,0,0,4,0,0,,0,0,4,31,28,0,0,0,1,0,5,3,60,0,Matches
298,Kenny McLean\471f16b3,sct SCO,MF,Norwich City,30-031,1992,19.3,883,46,245,489,202,25,863,10,21,47.6,12,0,497,2581,1217,53,14,2,16,15,709,576,81.2,46,Matches
299,Dwight McNeil\fc15fb84,eng ENG,MF,Burnley,22-078,1999,18.7,840,34,162,408,350,23,802,36,68,52.9,40,2,632,4287,2004,99,34,7,24,29,613,496,80.9,45,Matches
300,Scott McTominay\d93c2511,sct SCO,MF,Manchester Utd,25-062,1996,16.2,972,46,252,577,212,20,959,22,29,75.9,22,0,650,3753,1897,86,35,3,16,22,681,624,91.6,30,Matches
301,Ben Mee\8df7a2fb,eng ENG,DF,Burnley,32-138,1989,15,725,114,380,342,32,21,704,1,1,100,1,0,349,1829,801,14,1,0,2,5,355,338,95.2,2,Matches
302,Benjamin Mendy\5271c8f1,fr FRA,DF,Manchester City,27-206,1994,0.9,94,0,16,57,28,1,82,1,2,50,1,1,69,302,204,8,4,0,0,1,72,69,95.8,1,Matches
303,Edouard Mendy\33887998,sn SEN,GK,Chelsea,29-344,1992,20,608,539,606,4,0,0,481,0,0,,0,0,288,1123,469,0,0,0,1,0,304,303,99.7,0,Matches
304,Illan Meslier\6b625ac2,fr FRA,GK,Leeds United,21-343,2000,21,885,787,885,1,0,0,665,0,0,,0,0,494,2114,1016,0,0,0,2,0,438,438,100,0,Matches
305,Luka Milivojević\2ce2508a,rs SRB,MF,Crystal Palace,30-307,1991,6.3,422,12,92,237,108,2,381,2,3,66.7,2,0,225,893,396,17,6,0,1,0,281,274,97.5,5,Matches
306,James Milner\2f90f6b8,eng ENG,MFDF,Liverpool,36-035,1986,6.8,607,38,155,296,180,8,566,2,4,50,2,0,368,1384,735,28,11,0,4,5,433,396,91.5,19,Matches
307,Yerry Mina\6d5701f2,co COL,DF,Everton,27-138,1994,6.8,332,73,195,133,17,10,327,0,0,,0,0,178,970,467,7,0,0,1,0,191,182,95.3,2,Matches
308,Takumi Minamino\f833a830,jp JPN,FWMF,Liverpool,27-023,1995,1,48,0,5,22,22,5,48,0,1,0,0,0,34,158,84,5,0,0,1,0,59,40,67.8,9,Matches
309,Tyrone Mings\8397a50c,eng ENG,DF,Aston Villa,28-332,1993,18.4,1043,207,626,398,77,35,1003,7,8,87.5,7,0,547,3059,1498,30,7,0,6,2,639,599,93.7,5,Matches
310,Tyrick Mitchell\5cbd1eb0,eng ENG,DF,Crystal Palace,22-160,1999,21.9,1447,83,551,639,335,22,1190,8,17,47.1,8,0,797,3475,1786,60,24,2,22,28,818,761,93,38,Matches
311,Jakub Moder\f230bc30,pl POL,MFFW,Brighton,22-307,1999,14.8,839,32,163,355,376,55,813,8,25,32,9,0,548,2817,1349,69,27,1,26,20,711,580,81.6,79,Matches
312,Wesley Moraes\bfae110f,br BRA,FW,Aston Villa,25-074,1996,0,4,0,0,1,3,0,4,0,0,,0,0,1,0,0,0,0,0,1,0,6,4,66.7,1,Matches
313,Tyler Morton\2bc28bb9,eng ENG,MF,Liverpool,19-100,2002,0.7,39,0,3,33,5,0,39,0,0,,0,0,27,91,36,2,0,0,0,0,23,21,91.3,0,Matches
314,Mason Mount\9674002f,eng ENG,MFFW,Chelsea,23-029,1999,16,901,11,94,296,560,89,828,15,31,48.4,16,2,621,2781,1487,88,32,18,30,31,848,657,77.5,138,Matches
315,Lucas Moura\2b622f01,br BRA,FWMF,Tottenham,29-179,1992,14.8,794,17,81,458,331,42,787,33,53,62.3,35,0,590,3031,1681,106,40,10,41,32,762,602,79,78,Matches
316,João Moutinho\f5a00fa4,pt POR,MF,Wolves,35-153,1986,19.4,1286,47,306,732,310,5,1182,8,10,80,9,0,833,3539,1789,77,22,1,15,12,891,832,93.4,27,Matches
317,Bali Mumba\2d760d7b,eng ENG,DF,Norwich City,20-123,2001,0.5,19,8,12,4,3,0,19,0,1,0,0,0,9,53,19,1,0,0,0,0,9,8,88.9,0,Matches
318,Jacob Murphy\de112b84,eng ENG,DFMF,Newcastle Utd,26-349,1995,9,482,22,140,195,183,26,401,7,15,46.7,9,1,277,1974,1205,61,15,3,10,10,286,240,83.9,21,Matches
319,Enock Mwepu\1d5cab82,zm ZAM,MF,Brighton,24-038,1998,7.1,362,19,77,186,130,26,361,10,18,55.6,12,0,239,1114,611,29,11,4,14,9,298,233,78.2,33,Matches
320,Vitaliy Mykolenko\30d4a2e5,ua UKR,DF,Everton,22-255,1999,1,71,3,20,39,13,1,63,0,0,,0,0,39,115,49,1,0,0,0,1,36,35,97.2,1,Matches
321,Marvelous Nakamba\de5b5570,zw ZIM,MF,Aston Villa,28-020,1994,8.4,397,29,127,238,48,0,389,3,5,60,3,0,231,1060,392,14,4,0,4,8,236,219,92.8,4,Matches
322,Wilfred Ndidi\6b47c5db,ng NGA,MFDF,Leicester City,25-054,1996,13,836,68,300,465,103,12,824,4,6,66.7,4,0,489,2205,883,31,7,0,13,9,506,482,95.3,9,Matches
323,Tanguy Ndombele\5cdddffa,fr FRA,MF,Tottenham,25-042,1996,5.4,352,5,46,217,114,13,344,13,24,54.2,13,1,264,1289,794,52,15,7,15,19,313,278,88.8,30,Matches
324,Reiss Nelson\c5bdb6e3,eng ENG,FW,Arsenal,22-060,1999,0.2,16,0,0,7,10,2,16,0,0,,0,0,11,44,14,0,0,0,1,0,12,11,91.7,3,Matches
325,Rúben Neves\44bfb6c5,pt POR,MF,Wolves,24-332,1997,17,1264,52,312,786,231,6,1228,14,18,77.8,15,1,890,3345,1595,65,20,2,10,13,918,879,95.8,19,Matches
326,Jeremy Ngakia\3631ad41,eng ENG,DF,Watford,21-154,2000,6.2,342,25,145,132,86,2,277,9,14,64.3,10,2,168,792,461,17,10,0,0,4,164,146,89,5,Matches
327,Saúl Ñíguez\c14bc029,es ESP,MFFW,Chelsea,27-079,1994,1.8,155,3,35,92,30,3,147,1,4,25,1,0,81,303,79,3,0,0,6,7,116,105,90.5,7,Matches
328,Eddie Nketiah\a53649b7,eng ENG,MFFW,Arsenal,22-254,1999,0.6,47,0,6,24,22,6,47,1,2,50,1,0,39,266,174,9,5,2,6,1,44,36,81.8,8,Matches
329,Nicolas Nkoulou\93cf32a8,cm CMR,DF,Watford,31-318,1990,1.9,71,11,38,33,2,0,70,1,1,100,1,0,42,126,47,0,0,0,0,1,41,40,97.6,0,Matches
330,Mark Noble\ff527768,eng ENG,MF,West Ham,34-276,1987,1.1,71,0,14,53,7,2,66,1,1,100,1,0,43,161,56,2,1,0,2,0,54,52,96.3,0,Matches
331,Mathias Normann\8996350d,no NOR,MF,Norwich City,25-256,1996,7.8,432,32,145,223,82,1,404,14,18,77.8,14,0,239,1145,548,24,5,0,8,7,254,234,92.1,0,Matches
332,Christian Nørgaard\df0a4c90,dk DEN,MF,Brentford,27-335,1994,21.6,1349,65,349,833,222,41,1279,9,16,56.3,10,0,692,2754,1391,53,16,2,11,16,813,727,89.4,24,Matches
333,Angelo Ogbonna\74b2cd7e,it ITA,DF,West Ham,33-261,1988,10.2,528,69,293,251,14,8,523,0,0,,0,0,353,1947,714,6,1,0,0,1,375,363,96.8,1,Matches
334,Michael Olise\c4486bac,fr FRA,FWMF,Crystal Palace,20-058,2001,5.5,373,8,44,174,193,21,348,11,22,50,11,0,265,1708,1123,61,22,5,13,13,318,272,85.5,23,Matches
335,Andrew Omobamidele\c393a6c4,ie IRL,DF,Norwich City,19-230,2002,4.2,277,30,140,144,17,2,264,0,0,,0,0,163,938,539,16,5,0,2,1,165,162,98.2,1,Matches
336,Tyler Onyango\d86a1f3e,eng ENG,MFFW,Everton,18-341,2003,0.3,5,0,1,3,1,1,5,1,2,50,1,1,2,0,0,0,0,0,0,0,5,2,40,0,Matches
337,Frank Onyeka\2944f86f,ng NGA,MF,Brentford,24-038,1998,10.5,432,19,115,225,122,16,424,10,15,66.7,11,0,267,1616,874,35,9,3,9,18,334,257,76.9,28,Matches
338,Divock Origi\43a166b4,be BEL,FW,Liverpool,26-296,1995,0.5,29,1,2,4,23,11,29,1,2,50,2,0,22,66,27,2,0,1,5,1,27,23,85.2,9,Matches
339,Alex Oxlade-Chamberlain\38c7feef,eng ENG,MFFW,Liverpool,28-177,1993,8,461,6,43,243,218,31,455,10,15,66.7,13,0,337,1876,1130,59,31,5,8,18,429,341,79.5,49,Matches
340,Cole Palmer\dc7f8a28,eng ENG,FWMF,Manchester City,19-278,2002,1.4,75,0,5,29,46,15,75,1,3,33.3,1,1,56,256,130,6,2,3,6,4,72,61,84.7,21,Matches
341,Emerson Palmieri\e0bc6fdc,it ITA,DF,Chelsea,27-189,1994,0.1,2,0,0,1,1,1,2,0,0,,0,0,2,10,2,0,0,0,0,0,2,2,100,1,Matches
342,Thomas Partey\529f49ab,gh GHA,MF,Arsenal,28-240,1993,14.7,909,50,269,537,173,13,892,17,24,70.8,17,3,608,3238,1743,57,20,1,7,10,645,620,96.1,3,Matches
343,João Pedro\e8832875,br BRA,MFFW,Watford,20-135,2001,9,418,6,43,203,213,43,410,23,40,57.5,23,3,281,1630,994,43,21,7,17,36,420,296,70.5,46,Matches
344,Nicolas Pépé\57e3f0c7,ci CIV,FWMF,Arsenal,26-255,1995,5.6,356,10,53,113,210,44,317,11,25,44,11,1,242,1082,515,32,9,7,23,14,299,234,78.3,40,Matches
345,Ricardo Pereira\75a72a99,pt POR,DF,Leicester City,28-125,1993,6.6,441,26,133,222,101,13,385,6,11,54.5,6,2,265,900,547,28,4,3,5,3,283,247,87.3,9,Matches
346,Ayoze Pérez\819aa8e7,es ESP,FWMF,Leicester City,28-200,1993,2.4,108,2,14,62,39,14,107,1,6,16.7,1,1,68,278,173,12,6,2,6,3,107,81,75.7,20,Matches
347,Sonny Perkins\87f12e30,eng ENG,MF,West Ham,17-363,2004,0,1,0,0,1,0,0,1,0,0,,0,0,0,0,0,0,0,0,0,0,3,1,33.3,0,Matches
348,Romain Perraud\6dfd8f05,fr FRA,DF,Southampton,24-139,1997,9.8,473,29,124,189,179,18,385,3,9,33.3,5,0,244,1340,689,31,10,4,10,7,272,228,83.8,17,Matches
349,Kalvin Phillips\4f565d77,eng ENG,MF,Leeds United,26-068,1995,11.1,769,50,257,431,131,7,745,4,8,50,6,0,484,2292,918,18,6,2,6,15,496,480,96.8,15,Matches
350,Jaden Philogene Bidace\19f4d211,eng ENG,FW,Aston Villa,19-266,2002,0.1,3,0,1,0,2,0,3,0,0,,0,0,1,0,0,0,0,0,0,1,4,2,50,1,Matches
351,Jordan Pickford\4806ec67,eng ENG,GK,Everton,27-338,1994,19,645,558,635,11,0,0,444,0,0,,0,0,288,1961,1037,0,0,0,0,0,254,254,100,0,Matches
352,Erik Pieters\1ef37668,nl NED,DFMF,Burnley,33-185,1988,3.2,181,23,70,82,39,2,150,2,3,66.7,2,0,81,358,197,4,3,0,4,0,84,76,90.5,1,Matches
353,Ethan Pinnock\e541326e,jm JAM,DF,Brentford,28-255,1993,20.7,1401,197,739,547,172,49,1223,2,4,50,2,0,602,3118,1678,31,7,0,10,6,736,707,96.1,7,Matches
354,Daniel Podence\7fcc71d8,pt POR,FWMF,Wolves,26-110,1995,7.8,358,1,45,149,198,26,343,20,37,54.1,22,1,288,1623,986,57,22,12,11,10,413,277,67.1,46,Matches
355,Paul Pogba\867239d3,fr FRA,MFFW,Manchester Utd,28-330,1993,7,551,11,81,336,171,24,546,20,27,74.1,21,0,409,1753,1075,53,9,4,11,16,479,429,89.6,28,Matches
356,Nick Pope\4b40d9ca,eng ENG,GK,Burnley,29-295,1992,17,549,467,542,9,0,0,356,1,1,100,1,0,216,1504,909,0,0,0,0,0,151,151,100,0,Matches
357,Teemu Pukki\0745b37d,fi FIN,FW,Norwich City,31-316,1990,20.2,489,5,34,231,248,91,436,14,37,37.8,16,1,295,1343,730,37,13,12,31,27,729,305,41.8,119,Matches
358,Christian Pulisic\1bf33a9a,us USA,FWMF,Chelsea,23-143,1998,8.4,380,6,52,148,208,49,364,9,25,36,12,1,278,1457,770,50,9,9,26,13,404,283,70,76,Matches
359,Przemysław Płacheta\3c33f9d9,pl POL,FWMF,Norwich City,23-322,1998,4.1,178,6,41,62,85,12,161,3,5,60,3,0,117,812,450,18,4,5,8,11,167,112,67.1,17,Matches
360,Jesuran Rak Sakyi\45685411,eng ENG,MF,Crystal Palace,19-126,2002,0.2,13,0,1,8,4,0,11,0,0,,0,0,8,33,4,0,0,0,0,1,11,9,81.8,1,Matches
361,Aaron Ramsdale\466fb2c5,eng ENG,GK,Arsenal,23-270,1998,18,686,570,683,4,0,0,531,1,1,100,1,0,366,1929,1079,0,0,0,0,0,333,331,99.4,0,Matches
362,Jacob Ramsey\1544f145,eng ENG,MFFW,Aston Villa,20-256,2001,13.9,677,23,121,374,252,28,669,13,24,54.2,16,2,487,3135,1677,83,29,3,35,23,573,481,83.9,50,Matches
363,Marcus Rashford\a1d5bd30,eng ENG,FWMF,Manchester Utd,24-100,1997,7.2,323,6,35,131,181,42,321,14,32,43.8,17,3,222,1162,702,34,10,8,13,12,406,264,65,73,Matches
364,Milot Rashica\6c6a3300,xk KVX,FWMF,Norwich City,25-225,1996,11.7,484,14,91,198,237,29,429,12,38,31.6,15,3,310,2273,1498,57,21,10,24,23,421,282,67,53,Matches
365,David Raya\98ea5115,es ESP,GK,Brentford,26-146,1995,9,433,351,430,5,0,0,327,0,0,,0,0,218,1116,585,0,0,0,1,0,216,215,99.5,0,Matches
366,Nathan Redmond\ab651565,eng ENG,MFFW,Southampton,27-339,1994,14.9,667,20,88,300,334,37,638,16,30,53.3,19,3,451,2976,1678,90,37,11,19,16,611,461,75.5,74,Matches
367,Sergio Reguilón\3353737a,es ESP,DF,Tottenham,25-054,1996,15.1,920,56,239,391,340,40,801,15,40,37.5,15,4,556,2504,1361,68,27,6,19,17,610,531,87,52,Matches
368,Declan Rice\1c7012b8,eng ENG,MF,West Ham,23-025,1999,22,1444,87,426,908,283,35,1430,22,36,61.1,25,2,1029,7901,4147,163,64,12,13,19,1033,985,95.4,20,Matches
369,Taylor Richards\e0243d23,eng ENG,MFFW,Brighton,21-066,2000,0.3,31,0,3,14,16,0,31,0,1,0,1,0,26,123,59,3,2,0,0,1,29,26,89.7,4,Matches
370,Richarlison\fa031b34,br BRA,FWMF,Everton,24-274,1997,11.3,377,10,46,151,199,58,369,13,29,44.8,15,1,252,1098,585,34,8,5,36,26,470,247,52.6,53,Matches
371,Jaïro Riedewald\7a1f2c08,nl NED,MF,Crystal Palace,25-152,1996,1.3,66,2,19,39,15,1,61,0,2,0,0,0,43,187,73,4,2,0,1,1,46,41,89.1,3,Matches
372,Matt Ritchie\71ef519e,sct SCO,DF,Newcastle Utd,32-151,1989,14.6,803,45,255,329,251,10,623,3,5,60,3,1,388,1498,697,29,9,0,7,4,416,384,92.3,11,Matches
373,Connor Roberts\24fae784,wls WAL,DF,Burnley,26-138,1995,2.2,125,16,32,59,36,1,94,3,3,100,3,0,58,349,187,12,2,0,0,0,54,48,88.9,1,Matches
374,Tyler Roberts\6c17e046,wls WAL,MFFW,Leeds United,23-027,1999,9.8,403,10,68,193,180,48,388,8,21,38.1,8,0,289,1656,757,40,16,9,18,12,397,278,70,77,Matches
375,Andrew Robertson\2e4f5f03,sct SCO,DF,Liverpool,27-334,1994,15.5,1387,49,284,666,515,60,1194,11,19,57.9,12,1,867,3873,2339,107,34,6,10,10,1024,935,91.3,81,Matches
376,Joe Rodon\8d62d31a,wls WAL,DF,Tottenham,24-109,1997,0.9,31,10,18,14,1,0,31,0,0,,0,0,16,49,5,0,0,0,0,0,17,15,88.2,0,Matches
377,Rodri\6434f10d,es ESP,MF,Manchester City,25-231,1996,18.4,1708,57,335,1080,399,30,1689,8,16,50,9,1,1211,4935,2430,110,25,3,5,16,1377,1329,96.5,35,Matches
378,Rodrigo\1fb1c435,es ESP,MFFW,Leeds United,30-339,1991,11.3,501,15,66,256,216,42,476,11,24,45.8,11,0,347,1675,742,45,19,6,30,19,506,365,72.1,91,Matches
379,Jay Rodriguez\4ab53cdb,eng ENG,FW,Burnley,32-194,1989,5.3,158,5,25,70,73,20,158,3,6,50,3,0,72,445,175,10,3,0,6,6,238,106,44.5,31,Matches
380,Mads Roerslev\57c94db2,dk DEN,DF,Brentford,22-229,1999,9.1,326,30,123,119,95,7,316,2,13,15.4,5,0,169,629,267,14,3,1,6,6,224,171,76.3,16,Matches
381,Cristian Romero\a3d94a58,ar ARG,DF,Tottenham,23-287,1998,5.9,390,55,214,190,12,3,383,0,0,,0,0,249,1331,681,10,3,0,3,1,254,248,97.6,2,Matches
382,Oriol Romeu\4b511457,es ESP,MF,Southampton,30-137,1991,19.2,1170,59,292,710,238,23,1151,16,24,66.7,16,0,726,3383,1816,87,22,2,20,9,767,727,94.8,24,Matches
383,Cristiano Ronaldo\dea698d9,pt POR,FW,Manchester Utd,37-003,1985,16.2,691,20,50,330,344,106,666,9,20,45,11,0,417,2064,1217,86,20,23,24,19,887,563,63.5,134,Matches
384,Salomón Rondón\b318a643,ve VEN,FW,Everton,32-145,1989,7.9,247,13,25,110,116,41,241,2,6,33.3,2,0,113,414,165,8,1,1,16,8,359,171,47.6,39,Matches
385,Danny Rose\89d10e53,eng ENG,DF,Watford,31-221,1990,7.7,409,34,138,180,112,4,305,9,15,60,9,2,175,833,508,25,8,0,4,6,192,173,90.1,6,Matches
386,Jon Rowe\8c12f884,eng ENG,FWMF,Norwich City,18-284,2003,0.4,15,1,4,2,10,1,15,1,2,50,2,0,10,27,16,2,0,1,1,0,16,9,56.3,2,Matches
387,Antonio Rüdiger\18b896d6,de GER,DF,Chelsea,28-342,1993,23,1754,153,723,956,209,32,1711,4,6,66.7,4,0,1234,5713,3391,108,41,2,5,12,1379,1342,97.3,11,Matches
388,Lukas Rupp\3faa1780,de GER,MF,Norwich City,31-031,1991,5.3,336,20,89,174,99,12,333,6,7,85.7,6,0,239,1111,519,28,10,0,9,12,247,226,91.5,16,Matches
389,José Sá\903b6e8b,pt POR,GK,Wolves,29-022,1993,21,643,598,638,5,0,0,455,1,1,100,1,0,290,1820,1046,0,0,0,0,0,186,186,100,0,Matches
390,Allan Saint-Maximin\2b16cb1a,fr FRA,FWMF,Newcastle Utd,24-333,1997,19.9,791,5,72,406,446,93,770,89,148,60.1,97,2,751,5188,3341,157,64,36,50,76,813,597,73.4,82,Matches
391,Romain Saïss\9fbbcf39,ma MAR,DF,Wolves,31-319,1990,18.4,1238,177,694,530,65,21,1210,1,2,50,1,0,694,2936,1530,40,9,1,2,4,804,787,97.9,3,Matches
392,Bukayo Saka\bc7dc64d,eng ENG,FWMF,Arsenal,20-156,2001,17.5,890,15,107,362,494,106,851,32,60,53.3,32,3,683,4032,2691,141,37,28,43,36,903,665,73.6,127,Matches
393,Mohamed Salah\e342ad68,eg EGY,FW,Liverpool,29-238,1992,19.8,959,2,41,303,670,200,951,36,80,45,43,1,722,3196,1983,128,22,47,51,48,1240,801,64.6,234,Matches
394,Mohammed Salisu\0b33f6ad,gh GHA,DF,Southampton,22-297,1999,20,1356,181,669,663,107,20,1287,7,11,63.6,7,0,724,4573,2199,66,9,0,5,9,732,714,97.5,3,Matches
395,Albert Sambi Lokonga\1b4f1169,be BEL,MF,Arsenal,22-109,1999,10.1,701,28,192,403,147,2,684,3,4,75,3,0,475,2884,1603,66,12,0,9,5,525,507,96.6,9,Matches
396,Davinson Sánchez\da7b447d,co COL,DF,Tottenham,25-241,1996,12.3,825,99,391,414,79,17,809,2,3,66.7,2,0,518,2876,1547,60,10,0,0,5,579,563,97.2,4,Matches
397,Robert Sánchez\6a713852,es ESP,GK,Brighton,24-082,1997,21,965,748,957,10,0,0,797,0,0,,0,0,558,2467,1389,0,0,0,0,0,572,572,100,0,Matches
398,Jadon Sancho\dbf053da,eng ENG,FWMF,Manchester Utd,21-320,2000,10.4,622,12,88,273,327,43,607,19,34,55.9,20,5,470,2889,1883,100,35,20,22,25,601,492,81.9,63,Matches
399,Morgan Sanson\6e7f1353,fr FRA,MF,Aston Villa,27-174,1994,2.5,156,4,35,97,38,1,156,3,3,100,3,0,120,764,396,19,5,0,3,6,116,100,86.2,3,Matches
400,Samir Santos\92b4758e,br BRA,DF,Watford,27-065,1994,3,184,15,114,80,6,4,179,0,1,0,0,1,98,502,264,5,1,1,0,2,110,108,98.2,1,Matches
401,Josh Sargent\a8d4428b,us USA,FWMF,Norwich City,21-353,2000,11.9,449,22,76,186,209,50,441,11,20,55,11,0,263,1428,660,27,11,3,30,29,473,278,58.8,65,Matches
402,Jeremy Sarmiento\ac0d576d,ec ECU,FW,Brighton,19-237,2002,0.2,16,2,6,7,4,0,16,1,1,100,1,0,11,103,65,1,0,0,1,1,9,8,88.9,1,Matches
403,Ismaila Sarr\bfdb33aa,sn SEN,MFFW,Watford,23-348,1998,11.4,445,4,62,176,254,57,440,20,35,57.1,22,4,349,2377,1629,79,28,19,40,35,511,337,65.9,77,Matches
404,Malang Sarr\4315f30d,fr FRA,DF,Chelsea,23-016,1999,3,239,25,113,130,10,0,228,0,1,0,0,0,154,608,290,6,1,0,0,0,164,162,98.8,0,Matches
405,Fabian Schär\c8aa95da,ch SUI,DF,Newcastle Utd,30-050,1991,10.8,526,99,325,218,31,8,496,3,5,60,3,0,284,1826,1168,24,6,0,2,2,289,279,96.5,2,Matches
406,Jeffrey Schlupp\3312f911,gh GHA,MFFW,Crystal Palace,29-047,1992,8.6,375,19,83,189,122,33,372,13,25,52,14,3,222,1144,616,26,2,4,16,16,286,230,80.4,25,Matches
407,Kasper Schmeichel\53af52f3,dk DEN,GK,Leicester City,35-095,1986,20,799,717,791,9,0,0,538,0,0,,0,0,342,1416,667,0,0,0,0,0,339,335,98.8,0,Matches
408,Ken Sema\1770bd68,se SWE,MFFW,Watford,28-131,1993,5.8,198,15,58,90,63,9,192,6,13,46.2,7,2,124,655,382,18,2,3,10,14,177,110,62.1,20,Matches
409,Nélson Semedo\d04b94db,pt POR,DF,Wolves,28-084,1993,18.4,1139,74,319,482,430,47,980,28,53,52.8,33,2,729,3773,2401,122,40,15,31,22,766,663,86.6,65,Matches
410,Ryan Sessegnon\6aa3e78b,eng ENG,DFMF,Tottenham,21-266,2000,2.5,121,9,40,41,46,8,108,2,7,28.6,2,0,68,394,210,10,1,3,3,6,72,61,84.7,5,Matches
411,Jamie Shackleton\8d03ca5a,eng ENG,DF,Leeds United,22-123,1999,7,442,25,166,216,91,12,383,7,13,53.8,7,1,282,1392,740,26,7,2,4,6,281,253,90,12,Matches
412,Luke Shaw\9c94165b,eng ENG,DF,Manchester Utd,26-211,1995,13.1,975,42,235,465,351,10,809,5,12,41.7,6,0,587,3208,1953,73,37,1,8,10,684,613,89.6,27,Matches
413,Jonjo Shelvey\3727dd3c,eng ENG,MF,Newcastle Utd,29-346,1992,11,590,25,191,310,120,0,530,6,7,85.7,7,0,341,1575,643,17,6,0,6,5,347,329,94.8,3,Matches
414,Francisco Sierralta\0f933743,cl CHI,DF,Watford,24-278,1997,4.7,246,68,193,62,2,2,241,1,1,100,1,0,122,524,250,1,0,0,2,1,136,133,97.8,0,Matches
415,Bernardo Silva\3eb22ec9,pt POR,MFFW,Manchester City,27-182,1994,20.9,1499,34,195,735,686,134,1454,41,65,63.1,46,2,1152,6783,3872,227,67,27,26,24,1338,1170,87.4,143,Matches
416,Fábio Silva\e7aa9d7c,pt POR,FWMF,Wolves,19-204,2002,1.5,53,1,5,24,29,8,50,1,2,50,1,0,27,200,115,6,2,0,5,3,89,39,43.8,10,Matches
417,Thiago Silva\86e7deaf,br BRA,DF,Chelsea,37-139,1984,18.3,1645,245,806,907,57,19,1614,4,5,80,4,1,1103,6181,3822,120,19,1,5,2,1223,1205,98.5,3,Matches
418,Ellis Simms\26d3b5be,eng ENG,FW,Everton,21-034,2001,0.7,20,2,4,13,3,1,19,0,0,,0,0,8,6,1,1,0,1,0,1,30,13,43.3,0,Matches
419,Moussa Sissoko\2acd49b9,fr FRA,MF,Watford,32-176,1989,18.8,812,81,248,455,163,20,794,23,31,74.2,24,2,440,2624,1367,43,14,3,16,18,484,419,86.6,28,Matches
420,Oliver Skipp\6250083a,eng ENG,MF,Tottenham,21-145,2000,15,952,30,192,654,156,10,936,2,3,66.7,2,0,646,3134,1730,88,27,5,9,12,731,692,94.7,13,Matches
421,William Smallbone\5e105217,ie IRL,MF,Southampton,21-352,2000,0.8,28,2,6,10,12,4,27,0,1,0,0,0,14,67,38,2,0,1,2,0,18,13,72.2,4,Matches
422,Emile Smith Rowe\17695062,eng ENG,MFFW,Arsenal,21-195,2000,14.2,678,14,99,334,312,43,650,25,38,65.8,26,0,494,2869,1879,93,40,12,23,23,598,500,83.6,54,Matches
423,Cédric Soares\839c14e1,pt POR,DF,Arsenal,30-161,1991,2.4,99,14,35,41,26,0,83,0,1,0,0,0,49,199,88,4,3,0,0,0,62,51,82.3,0,Matches
424,Tomáš Souček\6613c819,cz CZE,MF,West Ham,26-346,1995,20.9,1109,98,309,597,260,60,1100,7,14,50,8,1,575,2630,1238,52,21,2,20,12,814,666,81.8,38,Matches
425,Boubakary Soumaré\ae59b359,fr FRA,MF,Leicester City,22-346,1999,10.7,591,26,153,356,113,5,589,7,13,53.8,8,1,386,1755,739,33,5,1,14,15,467,418,89.5,19,Matches
426,Çağlar Söyüncü\21166ff4,tr TUR,DF,Leicester City,25-261,1996,17.7,1289,191,744,587,37,8,1259,5,6,83.3,5,0,806,4178,1895,36,11,0,4,3,871,856,98.3,1,Matches
427,Jason Steele\28300a16,eng ENG,GK,Brighton,31-174,1990,1,42,37,42,0,0,0,36,0,0,,0,0,28,90,36,0,0,0,0,0,28,28,100,0,Matches
428,Jed Steer\a8a3d139,eng ENG,GK,Aston Villa,29-138,1992,1,37,33,36,1,0,0,28,0,0,,0,0,19,77,52,0,0,0,0,0,20,19,95,0,Matches
429,Zack Steffen\42130443,us USA,GK,Manchester City,26-312,1995,1,41,37,41,0,0,0,32,0,0,,0,0,18,58,23,0,0,0,0,0,20,20,100,0,Matches
430,Dale Stephens\653ee42d,eng ENG,MF,Burnley,32-241,1989,1.4,75,4,14,56,10,0,75,0,0,,0,0,34,120,35,0,2,0,2,1,43,37,86,1,Matches
431,Jack Stephens\6adbc307,eng ENG,DF,Southampton,28-012,1994,5.4,330,44,172,174,15,2,316,0,1,0,0,0,178,1250,779,21,7,0,0,0,198,191,96.5,1,Matches
432,Raheem Sterling\b400bde0,eng ENG,FW,Manchester City,27-062,1994,13.8,742,3,40,254,505,129,736,27,64,42.2,29,1,642,3118,1891,118,21,30,25,47,801,620,77.4,142,Matches
433,Finley Stevens\7e003182,wls WAL,DF,Brentford,18-304,2003,0.2,10,0,2,5,3,1,10,0,0,,0,0,4,22,0,0,0,0,0,0,6,5,83.3,1,Matches
434,John Stones\5eecec3d,eng ENG,DF,Manchester City,27-256,1994,5.6,420,45,148,285,15,4,410,1,2,50,1,0,290,2046,1186,52,2,0,1,0,339,331,97.6,0,Matches
435,Pascal Struijk\f4d296e4,nl NED,DFMF,Leeds United,22-181,1999,11.3,758,94,406,335,60,3,731,3,4,75,3,0,442,2429,1354,18,0,0,2,9,482,459,95.2,6,Matches
436,Crysencio Summerville\df04eb4b,nl NED,MFFW,Leeds United,20-101,2001,1.4,85,2,16,26,47,7,84,3,6,50,3,0,70,340,148,11,0,1,2,5,69,57,82.6,12,Matches
437,Jakob Sørensen\953c30b0,dk DEN,DFMF,Norwich City,23-342,1998,4.1,224,31,112,104,18,7,216,2,2,100,2,1,122,616,353,9,1,0,2,2,136,124,91.2,3,Matches
438,Japhet Tanganga\e9971f2d,eng ENG,DF,Tottenham,22-314,1999,8.2,504,46,181,244,115,11,450,3,6,50,3,0,283,1401,954,35,15,3,4,9,327,310,94.8,12,Matches
439,Matt Targett\e514ab62,eng ENG,DF,Aston Villa,26-143,1995,15.9,965,62,290,422,291,17,817,1,5,20,1,0,508,1909,1094,36,11,3,8,6,586,526,89.8,31,Matches
440,James Tarkowski\15ea812b,eng ENG,DF,Burnley,29-081,1992,18,806,159,409,365,60,38,796,3,5,60,3,0,302,1468,693,13,3,0,8,3,384,350,91.1,6,Matches
441,Nuno Tavares\a65c844b,pt POR,DF,Arsenal,22-013,2000,6.9,498,25,153,202,181,29,442,16,27,59.3,16,0,338,1774,1082,53,18,8,7,7,332,311,93.7,22,Matches
442,Charlie Taylor\cc2d7ad5,eng ENG,DF,Burnley,28-143,1993,16,962,93,335,422,269,6,801,15,30,50,18,0,463,3250,1366,62,27,0,9,11,450,429,95.3,14,Matches
443,Nathan Tella\f1e94cd6,eng ENG,MFFW,Southampton,22-218,1999,6.5,256,7,42,115,123,19,249,11,27,40.7,13,1,182,1066,608,25,11,5,28,18,237,148,62.4,28,Matches
444,Alex Telles\e73c9bb2,br BRA,DF,Manchester Utd,29-055,1992,8.2,626,26,179,281,201,9,526,2,8,25,2,0,335,1411,800,31,19,0,2,5,394,361,91.6,21,Matches
445,Luke Thomas\fc027d02,eng ENG,DF,Leicester City,20-243,2001,11.6,787,48,273,369,186,11,663,8,18,44.4,10,0,451,1772,933,33,14,1,15,13,473,446,94.3,15,Matches
446,Dominic Thompson\235a62f8,eng ENG,DF,Brentford,21-197,2000,1.6,56,8,32,16,11,2,54,0,1,0,0,0,32,97,42,0,0,0,2,0,35,29,82.9,0,Matches
447,Youri Tielemans\56f7a928,be BEL,MF,Leicester City,24-277,1997,15,1069,59,266,598,262,22,1008,10,15,66.7,10,0,708,2446,1463,63,24,4,14,15,818,752,91.9,37,Matches
448,Kieran Tierney\fce2302c,sct SCO,DF,Arsenal,24-248,1997,14.3,839,39,201,367,327,38,726,6,17,35.3,8,1,520,2651,1656,80,24,8,10,5,566,517,91.3,49,Matches
449,Takehiro Tomiyasu\b3af9be1,jp JPN,DF,Arsenal,23-095,1998,15.4,1082,60,344,536,261,17,943,6,11,54.5,6,0,570,2568,1434,56,22,2,18,14,653,597,91.4,23,Matches
450,James Tomkins\e7ca0439,eng ENG,DF,Crystal Palace,32-316,1989,6.1,364,90,254,110,9,8,344,2,2,100,2,0,204,895,383,8,0,0,1,0,244,238,97.5,1,Matches
451,Ivan Toney\e09f279b,eng ENG,FW,Brentford,25-329,1996,21,783,37,111,367,338,90,765,13,26,50,13,2,416,1595,771,35,11,4,58,40,1081,543,50.2,134,Matches
452,Ferrán Torres\9e1035f8,es ESP,FW,Manchester City,21-344,2000,3.4,104,0,5,30,71,28,99,4,5,80,4,0,72,283,93,2,0,2,4,4,125,78,62.4,29,Matches
453,Cenk Tosun\9a104dee,tr TUR,FW,Everton,30-246,1991,0.1,3,0,0,3,0,0,3,0,0,,0,0,2,13,0,0,0,0,1,0,5,2,40,0,Matches
454,Andros Townsend\b28bbd58,eng ENG,MF,Everton,30-207,1991,14.7,642,13,118,264,318,28,598,22,38,57.9,24,0,447,2578,1358,64,23,8,30,25,543,390,71.8,58,Matches
455,Adama Traoré\9a28eba4,es ESP,FW,Wolves,26-014,1996,11.9,497,5,57,232,279,56,495,62,85,72.9,64,1,478,3606,2272,97,31,29,37,35,631,394,62.4,73,Matches
456,Bertrand Traoré\c47541e0,bf BFA,MFFW,Aston Villa,26-155,1995,1.7,88,0,4,47,45,10,86,10,21,47.6,12,4,80,457,184,12,2,4,7,1,103,67,65,14,Matches
457,Trézéguet\3ae14ed1,eg EGY,FW,Aston Villa,27-130,1994,0.1,9,0,0,5,4,1,9,1,1,100,1,0,9,30,12,1,0,0,2,0,13,9,69.2,3,Matches
458,Francisco Trincão\77e39b04,pt POR,FWMF,Wolves,22-041,1999,10.4,474,2,61,229,236,32,458,24,56,42.9,29,10,351,1824,1050,49,18,5,22,18,476,326,68.5,68,Matches
459,Kieran Trippier\21512407,eng ENG,DF,Newcastle Utd,31-142,1990,2,145,11,46,60,45,0,101,0,1,0,0,0,59,154,87,4,2,0,0,2,51,47,92.2,2,Matches
460,William Troost-Ekong\7ed4921e,ng NGA,DF,Watford,28-160,1993,15.3,704,150,466,259,16,4,689,1,2,50,1,0,357,2199,1377,22,2,0,0,0,417,410,98.3,2,Matches
461,Leandro Trossard\38ceb24a,be BEL,FWMF,Brighton,27-066,1994,19.3,956,9,111,374,535,108,920,39,53,73.6,40,0,731,4181,2208,116,29,26,42,57,925,711,76.9,124,Matches
462,Kostas Tsimikas\f315ca93,gr GRE,DF,Liverpool,25-272,1996,6.4,476,24,121,179,210,18,395,5,10,50,5,1,286,1545,832,51,18,6,2,9,308,279,90.6,34,Matches
463,Axel Tuanzebe\2baec6ce,eng ENG,DF,Aston Villa,24-086,1997,5.6,263,41,161,112,7,3,257,0,0,,0,0,155,908,419,4,0,0,2,0,179,172,96.1,1,Matches
464,Ozan Tufan\17d45fb2,tr TUR,MF,Watford,26-322,1995,3.7,151,5,26,87,50,9,141,2,3,66.7,2,0,82,465,194,7,4,1,5,5,125,88,70.4,14,Matches
465,Christos Tzolis\9f333379,gr GRE,FWMF,Norwich City,20-009,2002,3.4,124,3,19,52,60,17,123,0,3,0,0,0,94,570,378,20,6,7,8,4,133,94,70.7,25,Matches
466,Yan Valery\531a4aa8,fr FRA,DF,Southampton,22-351,1999,1,35,6,10,21,6,0,35,0,0,,0,0,21,120,54,3,1,0,1,0,17,17,100,0,Matches
467,Raphaël Varane\9f8e9423,fr FRA,DF,Manchester Utd,28-289,1993,11.3,749,101,373,408,24,9,727,1,3,33.3,1,1,464,3283,1784,40,6,0,2,1,511,499,97.7,0,Matches
468,Jamie Vardy\45963054,eng ENG,FW,Leicester City,35-028,1987,14.7,292,11,23,126,164,72,266,8,13,61.5,9,0,160,1058,662,37,10,17,16,8,507,204,40.2,85,Matches
469,Joël Veltman\dad4b285,nl NED,DF,Brighton,30-024,1992,16.1,1090,89,396,499,259,14,944,8,18,44.4,9,1,610,2863,1241,44,12,1,11,8,651,613,94.2,10,Matches
470,Jannik Vestergaard\1900032e,dk DEN,DF,Leicester City,29-189,1992,6.3,435,97,265,176,8,3,425,3,3,100,3,0,283,1263,548,8,3,0,1,0,301,289,96,0,Matches
471,Nikola Vlašić\aa8e289e,hr CRO,FWMF,West Ham,24-127,1997,4,188,1,26,91,88,19,187,6,9,66.7,7,1,149,832,458,21,8,4,5,12,186,133,71.5,28,Matches
472,Matěj Vydra\0d4ceb32,cz CZE,FW,Burnley,29-283,1992,5,133,7,13,38,87,28,133,5,8,62.5,5,0,74,227,92,5,1,0,16,8,244,102,41.8,38,Matches
473,Theo Walcott\1ecb65be,eng ENG,MF,Southampton,32-329,1989,4.2,127,2,26,45,62,18,126,1,2,50,1,0,78,363,153,8,3,2,9,3,136,84,61.8,21,Matches
474,Kyle Walker\86dd77d1,eng ENG,DF,Manchester City,31-256,1990,13.5,1246,33,250,807,265,12,1137,5,9,55.6,6,0,905,3739,1537,59,28,4,9,4,995,952,95.7,17,Matches
475,Kyle Walker-Peters\984a5a64,eng ENG,DF,Southampton,24-301,1997,14,799,46,202,382,277,38,680,19,30,63.3,19,0,497,3282,2135,105,32,13,15,22,488,442,90.6,42,Matches
476,Aaron Wan-Bissaka\9e525177,eng ENG,DF,Manchester Utd,24-074,1997,14.9,1014,61,343,468,275,16,889,26,41,63.4,26,4,662,3106,1826,74,27,4,8,17,693,626,90.3,27,Matches
477,Joel Ward\8a7ff278,eng ENG,DF,Crystal Palace,32-102,1989,21,1510,111,607,706,277,10,1274,11,19,57.9,12,0,854,4098,2171,67,23,1,8,18,910,874,96,10,Matches
478,James Ward-Prowse\3515d404,eng ENG,MF,Southampton,27-099,1994,19.7,1262,52,242,680,390,17,1072,12,17,70.6,12,0,679,2434,1111,52,16,2,8,23,759,694,91.4,26,Matches
479,Ollie Watkins\aed3a70f,eng ENG,FW,Aston Villa,26-040,1995,17,631,16,41,274,351,102,616,19,37,51.4,20,0,398,1688,1012,65,16,23,36,51,830,473,57,143,Matches
480,Adam Webster\c40b6180,eng ENG,DF,Brighton,27-035,1995,11,953,83,489,466,94,7,929,6,7,85.7,6,0,626,3792,2429,61,21,2,2,4,684,675,98.7,2,Matches
481,Wout Weghorst\c4e87b8b,nl NED,FW,Burnley,29-185,1992,1,41,3,4,21,16,3,41,1,3,33.3,1,0,17,26,5,0,0,0,5,0,70,31,44.3,11,Matches
482,Danny Welbeck\ce5143da,eng ENG,FWMF,Brighton,31-074,1990,4.5,145,3,10,50,93,27,144,4,9,44.4,5,0,91,375,216,14,2,5,14,14,186,107,57.5,31,Matches
483,Timo Werner\49fe9070,de GER,FW,Chelsea,25-339,1996,6.4,232,1,19,88,145,56,226,5,17,29.4,7,1,182,1104,645,30,6,14,17,9,302,175,57.9,53,Matches
484,Ashley Westwood\495945ef,eng ENG,MF,Burnley,31-313,1990,16.8,948,35,167,558,262,15,847,6,11,54.5,6,0,523,2039,937,25,14,1,15,8,628,572,91.1,18,Matches
485,Ben White\35e413f1,eng ENG,DF,Arsenal,24-123,1997,19,1183,149,578,612,81,8,1142,6,14,42.9,7,2,782,4353,2434,49,15,2,6,9,797,787,98.7,1,Matches
486,Brandon Williams\5e74d6c8,eng ENG,DF,Norwich City,21-158,2000,14.6,907,69,314,429,241,22,787,11,26,42.3,13,0,545,2982,1678,59,23,6,19,19,551,515,93.5,25,Matches
487,Neco Williams\dd323728,wls WAL,DF,Liverpool,20-301,2001,0.1,8,0,2,2,4,1,7,2,2,100,2,0,8,34,22,2,0,1,0,0,7,7,100,2,Matches
488,Joe Willock\a3b03921,eng ENG,MF,Newcastle Utd,22-172,1999,12.7,482,16,133,226,165,30,473,14,38,36.8,18,3,347,2226,1256,47,17,8,9,21,344,283,82.3,28,Matches
489,Callum Wilson\c596fcb0,eng ENG,FW,Newcastle Utd,29-346,1992,13.2,317,13,37,138,164,55,300,14,23,60.9,16,0,184,648,355,19,7,11,52,26,556,219,39.4,46,Matches
490,Harry Winks\2f7acede,eng ENG,MF,Tottenham,26-006,1996,5.8,432,16,101,261,99,3,409,4,6,66.7,4,0,306,1516,694,28,10,1,2,8,327,318,97.2,7,Matches
491,Yoane Wissa\2500cef9,cd COD,FWMF,Brentford,25-158,1996,5.5,161,2,21,72,78,16,159,6,6,100,6,2,101,526,266,19,6,1,10,7,224,108,48.2,32,Matches
492,Chris Wood\4e9a0555,nz NZL,FW,Burnley,30-063,1991,15.2,450,10,26,201,235,51,442,5,9,55.6,5,0,194,632,257,17,6,2,51,15,782,355,45.4,90,Matches
493,Chris Wood\4e9a0555,nz NZL,FW,Newcastle Utd,30-063,1991,2,82,0,6,44,35,11,81,1,3,33.3,1,0,42,119,63,3,3,0,9,3,82,68,82.9,13,Matches
494,Freddie Woodman\19e50035,eng ENG,GK,Newcastle Utd,24-341,1997,4,128,123,128,0,0,0,79,0,0,,0,0,54,350,215,0,0,0,0,0,49,49,100,0,Matches
495,Granit Xhaka\e61b8aee,ch SUI,MF,Arsenal,29-134,1992,9.2,577,24,121,361,120,14,561,5,8,62.5,5,0,368,1716,888,44,6,2,7,6,424,402,94.8,16,Matches
496,Andriy Yarmolenko\849c826a,ua UKR,FWMF,West Ham,32-108,1989,1.1,67,1,8,20,42,10,67,1,4,25,3,0,47,296,180,8,3,4,1,3,70,53,75.7,11,Matches
497,Ashley Young\be927d03,eng ENG,FWDF,Aston Villa,36-214,1985,8.1,368,19,93,177,122,14,327,5,8,62.5,6,1,219,1052,682,28,8,4,9,5,288,240,83.3,28,Matches
498,Wilfried Zaha\b2bc3b1f,ci CIV,FW,Crystal Palace,29-090,1992,15.5,793,6,78,381,412,74,777,34,75,45.3,36,6,673,3391,2067,119,39,28,58,75,863,601,69.6,117,Matches
499,Oleksandr Zinchenko\51cf8561,ua UKR,DF,Manchester City,25-055,1996,5.6,527,10,90,296,180,3,484,2,4,50,2,0,371,1874,1029,56,25,0,4,2,404,391,96.8,6,Matches
500,Hakim Ziyech\6622454d,ma MAR,FWMF,Chelsea,28-326,1993,8.7,534,8,48,223,291,44,514,19,30,63.3,19,4,425,1994,975,56,18,13,15,19,469,387,82.5,75,Matches
501,Kurt Zouma\ce4246f5,fr FRA,DF,West Ham,27-104,1994,11.8,539,111,304,242,23,10,525,0,0,,0,0,292,1620,821,16,4,0,3,0,322,313,97.2,3,Matches
502,Martin Ødegaard\79300479,no NOR,MF,Arsenal,23-053,1998,14.5,870,8,127,449,354,36,808,8,16,50,8,0,600,2937,1482,85,29,4,21,26,734,641,87.3,61,Matches
